x_value,total_1,total_2
0,0,
1,0.41,
2,0.46,
3,0.65,
4,0.47,
5,0.67,
6,0.15,
7,0.77,
8,0.47,
9,0.04,
10,0.21,
11,0.14,
12,0.89,
13,0.52,
14,0.57,
15,0.16,
16,0.23,
17,0.34,
18,0.18,
19,0.79,
20,0.27,
21,0.44,
22,0.82,
23,0.9,
24,0.18,
25,0.63,
26,0.33,
27,0.91,
28,0.84,
29,0.27,
30,0.85,
31,0.37,
32,0.61,
33,0.45,
34,0.6,
35,0.22,
36,0.97,
37,0.76,
38,0.74,
39,0.7,
40,0.85,
41,0.63,
42,0.02,
43,0.71,
44,0.92,
45,0.63,
46,0.95,
47,0.05,
48,0.28,
49,0.84,
50,0.38,
51,0.62,
52,0.01,
53,0.99,
54,0.22,
55,0.16,
56,0.25,
57,0.96,
58,0.4,
59,0.77,
60,0.27,
61,0.41,
62,0.18,
63,0.93,
64,0.42,
65,0.97,
66,0.87,
67,0.22,
68,0.64,
69,0.78,
70,0.83,
71,0.72,
72,0.74,
73,0.41,
74,0.17,
75,0.89,
76,0.96,
77,0.43,
78,0.94,
79,0.05,
80,0.25,
81,0.44,
82,0.38,
83,0.93,
84,0.47,
85,0.39,
86,0.8,
87,0.74,
88,0.77,
89,0.96,
90,0.17,
91,0.58,
92,0.88,
93,0.32,
94,0.8,
95,0.81,
96,0.39,
97,0.28,
98,0.84,
99,1.0,
100,0.46,
101,1.0,
102,0.91,
103,0.53,
104,0.39,
105,0.68,
106,0.12,
107,0.08,
108,0.33,
109,0.57,
110,0.89,
111,0.34,
112,0.95,
113,0.65,
114,0.79,
115,0.45,
116,0.15,
117,0.0,
118,0.71,
119,0.35,
120,0.91,
121,0.57,
122,0.28,
123,0.13,
124,0.18,
125,0.1,
126,0.78,
127,0.91,
128,0.86,
129,0.68,
130,0.28,
131,0.1,
132,0.52,
133,0.19,
134,0.88,
135,0.58,
136,0.42,
137,1.0,
138,0.71,
139,0.86,
140,0.94,
141,0.89,
142,0.94,
143,0.85,
144,0.3,
145,0.44,
146,0.64,
147,0.34,
148,0.45,
149,0.36,
150,0.54,
151,0.19,
152,0.79,
153,0.79,
154,0.88,
155,0.28,
156,0.99,
157,0.68,
158,0.89,
159,0.77,
160,0.5,
161,0.0,
162,0.59,
163,0.82,
164,0.62,
165,0.68,
166,0.78,
167,0.68,
168,0.6,
169,0.41,
170,0.71,
171,0.25,
172,0.07,
173,0.43,
174,0.64,
175,0.57,
176,0.2,
177,0.72,
178,0.74,
179,0.48,
180,0.69,
181,0.22,
182,0.48,
183,0.53,
184,0.72,
185,0.8,
186,0.12,
187,0.78,
188,0.23,
189,0.38,
190,0.07,
191,0.43,
192,0.16,
193,0.59,
194,0.71,
195,0.94,
196,0.53,
197,0.26,
198,0.79,
199,0.64,
200,0.72,
201,0.32,
202,0.41,
203,0.93,
204,0.97,
205,0.7,
206,0.52,
207,0.67,
208,0.46,
209,0.58,
210,0.4,
211,0.5,
212,0.44,
213,0.2,
214,0.9,
215,0.16,
216,0.83,
217,0.62,
218,0.92,
219,0.3,
220,0.43,
221,0.11,
222,1.0,
223,0.83,
224,0.37,
225,0.28,
226,0.81,
227,0.62,
228,0.87,
229,0.74,
230,0.79,
231,0.05,
232,0.38,
233,0.46,
234,1.0,
235,0.29,
236,0.43,
237,0.75,
238,0.31,
239,0.05,
240,0.41,
241,0.89,
242,0.58,
243,0.89,
244,0.36,
245,0.35,
246,0.88,
247,0.93,
248,0.85,
249,0.93,
250,0.56,
251,0.58,
252,0.16,
253,0.43,
254,0.22,
255,0.96,
256,0.24,
257,0.43,
258,0.3,
259,0.22,
260,0.83,
261,0.0,
262,1.0,
263,0.68,
264,0.28,
265,0.4,
266,0.06,
267,0.89,
268,0.74,
269,0.53,
270,0.75,
271,0.56,
272,0.95,
273,0.81,
274,0.66,
275,0.58,
276,0.13,
277,0.93,
278,0.01,
279,0.29,
280,0.12,
281,0.55,
282,0.99,
283,0.56,
284,0.09,
285,0.18,
286,0.61,
287,0.17,
288,0.77,
289,0.48,
290,0.38,
291,0.77,
292,0.33,
293,0.39,
294,0.74,
295,0.36,
296,0.99,
297,0.05,
298,0.85,
299,0.04,
300,0.32,
301,0.96,
302,0.01,
303,0.38,
304,0.92,
305,0.76,
306,0.25,
307,1.0,
308,0.2,
309,0.33,
310,0.8,
311,0.09,
312,0.8,
313,0.14,
314,0.35,
315,0.57,
316,0.39,
317,0.36,
318,0.65,
319,0.88,
320,0.18,
321,0.66,
322,0.36,
323,0.31,
324,0.13,
325,0.33,
326,0.97,
327,0.94,
328,0.51,
329,0.85,
330,0.06,
331,0.59,
332,0.66,
333,0.07,
334,0.89,
335,0.63,
336,0.39,
337,0.34,
338,0.92,
339,0.26,
340,0.34,
341,0.84,
342,0.17,
343,0.46,
344,0.46,
345,0.63,
346,0.43,
347,0.42,
348,0.94,
349,0.11,
350,0.75,
351,0.28,
352,0.34,
353,0.33,
354,0.21,
355,0.83,
356,0.22,
357,0.26,
358,0.0,
359,0.06,
360,0.37,
361,0.31,
362,0.09,
363,0.55,
364,0.96,
365,0.2,
366,0.78,
367,0.65,
368,0.59,
369,0.03,
370,0.78,
371,0.67,
372,0.63,
373,0.9,
374,0.27,
375,0.0,
376,0.17,
377,0.32,
378,0.79,
379,0.26,
380,0.35,
381,0.0,
382,0.23,
383,0.21,
384,0.33,
385,0.02,
386,0.08,
387,0.46,
388,0.52,
389,0.75,
390,0.04,
391,0.24,
392,0.98,
393,0.56,
394,0.7,
395,0.53,
396,0.47,
397,0.82,
398,0.23,
399,0.42,
400,0.99,
401,0.18,
402,0.71,
403,0.66,
404,0.23,
405,0.04,
406,0.36,
407,0.25,
408,0.06,
409,0.41,
410,0.84,
411,0.17,
412,0.97,
413,0.42,
414,0.64,
415,0.02,
416,0.12,
417,0.79,
418,0.94,
419,0.28,
420,0.98,
421,0.61,
422,0.17,
423,0.65,
424,0.18,
425,0.95,
426,0.89,
427,0.6,
428,0.92,
429,0.72,
430,0.32,
431,0.26,
432,0.63,
433,0.05,
434,0.37,
435,0.12,
436,0.16,
437,0.12,
438,0.51,
439,0.62,
440,0.7,
441,0.63,
442,0.25,
443,0.12,
444,0.99,
445,0.85,
446,0.44,
447,0.75,
448,0.93,
449,0.79,
450,0.61,
451,0.96,
452,0.25,
453,0.11,
454,0.1,
455,0.68,
456,0.96,
457,0.91,
458,0.36,
459,0.81,
460,0.67,
461,0.55,
462,0.55,
463,0.88,
464,0.4,
465,0.25,
466,0.85,
467,0.09,
468,0.68,
469,0.89,
470,0.91,
471,0.48,
472,0.98,
473,1.0,
474,0.39,
475,0.49,
476,0.77,
477,0.49,
478,0.96,
479,0.4,
480,0.54,
481,0.71,
482,0.72,
483,0.73,
484,0.38,
485,0.48,
486,0.33,
487,0.95,
488,0.29,
489,0.22,
490,0.61,
491,0.43,
492,0.29,
493,0.86,
494,0.49,
495,0.41,
496,0.61,
497,0.51,
498,0.29,
499,0.07,
500,0.54,
501,0.62,
502,0.2,
503,0.94,
504,0.51,
505,0.3,
506,0.26,
507,0.38,
508,0.73,
509,0.75,
510,0.89,
511,0.94,
512,0.34,
513,0.0,
514,0.54,
515,0.19,
516,0.83,
517,0.14,
518,0.84,
519,0.98,
520,0.01,
521,0.76,
522,0.78,
523,0.4,
524,0.88,
525,0.68,
526,0.98,
527,0.04,
528,0.55,
529,0.35,
530,0.34,
531,0.66,
532,0.04,
533,0.7,
534,0.24,
535,0.21,
536,0.75,
537,0.39,
538,0.05,
539,0.0,
540,0.54,
541,0.51,
542,0.0,
543,0.26,
544,0.51,
545,0.32,
546,0.45,
547,0.7,
548,0.5,
549,0.14,
550,0.04,
551,0.12,
552,0.65,
553,0.95,
554,0.39,
555,0.19,
556,0.75,
557,0.72,
558,0.53,
559,0.79,
560,0.28,
561,0.46,
562,0.72,
563,0.64,
564,0.37,
565,0.91,
566,0.35,
567,0.23,
568,0.63,
569,0.46,
570,0.27,
571,0.58,
572,0.18,
573,0.76,
574,0.4,
575,0.14,
576,0.3,
577,0.24,
578,0.92,
579,0.89,
580,0.53,
581,0.19,
582,0.54,
583,0.13,
584,0.15,
585,0.99,
586,0.1,
587,0.03,
588,0.89,
589,0.94,
590,0.39,
591,0.65,
592,0.75,
593,0.66,
594,0.79,
595,0.8,
596,0.02,
597,1.0,
598,0.95,
599,0.71,
600,0.75,
601,0.49,
602,0.73,
603,0.35,
604,0.97,
605,0.4,
606,0.42,
607,0.45,
608,0.59,
609,0.71,
610,0.97,
611,0.77,
612,0.91,
613,0.92,
614,0.34,
615,0.74,
616,0.73,
617,0.0,
618,0.18,
619,0.18,
620,0.03,
621,0.52,
622,0.51,
623,0.9,
624,0.6,
625,0.35,
626,0.94,
627,0.03,
628,0.91,
629,0.92,
630,0.01,
631,0.55,
632,0.42,
633,0.7,
634,0.94,
635,0.44,
636,0.08,
637,1.0,
638,0.85,
639,0.56,
640,0.29,
641,0.97,
642,0.62,
643,0.66,
644,0.02,
645,0.12,
646,0.78,
647,0.6,
648,0.9,
649,0.87,
650,0.48,
651,0.82,
652,0.95,
653,0.22,
654,0.95,
655,0.16,
656,0.02,
657,0.86,
658,0.1,
659,0.84,
660,0.33,
661,0.75,
662,0.07,
663,0.7,
664,0.35,
665,0.65,
666,0.75,
667,0.84,
668,0.43,
669,0.07,
670,0.36,
671,0.59,
672,0.79,
673,0.87,
674,0.08,
675,0.54,
676,0.65,
677,0.36,
678,0.6,
679,0.49,
680,0.06,
681,0.53,
682,0.94,
683,0.04,
684,0.31,
685,0.32,
686,0.74,
687,0.05,
688,0.62,
689,0.89,
690,0.47,
691,0.45,
692,0.03,
693,0.8,
694,0.5,
695,0.49,
696,0.7,
697,0.08,
698,0.78,
699,0.49,
700,0.08,
701,0.22,
702,0.25,
703,0.95,
704,0.58,
705,0.11,
706,0.76,
707,0.6,
708,0.8,
709,0.94,
710,0.31,
711,0.84,
712,0.88,
713,0.78,
714,0.52,
715,0.39,
716,0.69,
717,0.81,
718,0.32,
719,0.44,
720,0.92,
721,0.19,
722,0.77,
723,0.78,
724,0.09,
725,0.74,
726,0.25,
727,0.92,
728,0.09,
729,0.3,
730,0.12,
731,0.95,
732,0.62,
733,0.79,
734,0.36,
735,0.53,
736,0.15,
737,0.93,
738,0.14,
739,0.79,
740,0.29,
741,0.92,
742,0.78,
743,0.22,
744,0.38,
745,0.92,
746,0.97,
747,0.55,
748,0.67,
749,0.15,
750,0.29,
751,0.5,
752,0.22,
753,0.84,
754,0.48,
755,0.46,
756,0.15,
757,0.69,
758,0.63,
759,0.57,
760,0.52,
761,0.79,
762,0.21,
763,0.6,
764,0.56,
765,0.98,
766,0.45,
767,0.19,
768,0.16,
769,0.08,
770,0.26,
771,0.76,
772,0.12,
773,0.86,
774,0.82,
775,0.47,
776,0.11,
777,0.44,
778,0.1,
779,0.52,
780,0.82,
781,0.36,
782,0.02,
783,0.3,
784,0.46,
785,0.47,
786,0.45,
787,0.16,
788,1.0,
789,0.63,
790,0.68,
791,0.57,
792,0.87,
793,0.88,
794,0.77,
795,0.86,
796,0.58,
797,0.21,
798,0.94,
799,0.79,
800,0.5,
801,0.1,
802,0.21,
803,0.29,
804,0.89,
805,0.77,
806,0.88,
807,0.02,
808,0.1,
809,0.26,
810,0.16,
811,0.0,
812,0.44,
813,0.93,
814,0.43,
815,0.83,
816,0.98,
817,0.36,
818,0.74,
819,0.82,
820,0.26,
821,0.41,
822,0.91,
823,0.27,
824,0.56,
825,0.89,
826,0.76,
827,0.34,
828,0.89,
829,0.39,
830,0.9,
831,0.35,
832,0.95,
833,0.7,
834,0.6,
835,0.83,
836,0.66,
837,0.03,
838,0.21,
839,0.58,
840,0.01,
841,0.98,
842,0.12,
843,0.9,
844,0.75,
845,0.04,
846,0.74,
847,0.63,
848,0.78,
849,0.2,
850,0.24,
851,0.94,
852,0.07,
853,0.53,
854,0.89,
855,0.68,
856,0.13,
857,0.38,
858,0.8,
859,0.4,
860,0.46,
861,0.27,
862,0.26,
863,0.17,
864,0.07,
865,0.12,
866,0.73,
867,0.65,
868,0.21,
869,0.29,
870,0.05,
871,0.29,
872,0.49,
873,0.22,
874,0.56,
875,0.96,
876,0.18,
877,0.32,
878,0.61,
879,0.79,
880,0.7,
881,0.8,
882,0.57,
883,0.81,
884,0.79,
885,0.72,
886,0.56,
887,0.36,
888,0.01,
889,0.74,
890,0.19,
891,0.11,
892,0.81,
893,0.49,
894,0.45,
895,0.02,
896,0.64,
897,0.3,
898,0.51,
899,0.77,
900,1.0,
901,0.12,
902,0.59,
903,0.57,
904,0.0,
905,0.33,
906,0.13,
907,0.79,
908,0.8,
909,0.88,
910,0.43,
911,0.35,
912,0.91,
913,0.2,
914,0.3,
915,0.05,
916,0.02,
917,0.9,
918,0.58,
919,0.87,
920,0.2,
921,0.62,
922,0.81,
923,0.04,
924,0.57,
925,1.0,
926,0.44,
927,0.36,
928,0.72,
929,0.23,
930,0.39,
931,0.57,
932,0.99,
933,0.65,
934,0.28,
935,0.73,
936,0.43,
937,0.52,
938,0.22,
939,0.7,
940,0.0,
941,0.06,
942,0.79,
943,0.48,
944,0.42,
945,0.01,
946,0.42,
947,0.59,
948,0.04,
949,0.73,
950,0.94,
951,0.22,
952,0.96,
953,0.04,
954,0.34,
955,0.43,
956,0.64,
957,0.66,
958,0.03,
959,0.67,
960,0.93,
961,0.64,
962,0.96,
963,0.73,
964,0.24,
965,0.06,
966,0.1,
967,0.56,
968,0.98,
969,0.92,
970,0.95,
971,0.25,
972,0.61,
973,0.27,
974,0.57,
975,0.68,
976,0.26,
977,0.74,
978,0.83,
979,0.25,
980,0.65,
981,0.66,
982,0.41,
983,0.37,
984,0.51,
985,0.98,
986,0.56,
987,0.28,
988,1.0,
989,0.55,
990,0.93,
991,0.76,
992,0.16,
993,0.49,
994,0.28,
995,0.74,
996,0.85,
997,0.24,
998,0.65,
999,0.28,
1000,0.24,
1001,0.33,
1002,0.35,
1003,0.35,
1004,0.38,
1005,0.99,
1006,0.58,
1007,0.31,
1008,0.57,
1009,0.59,
1010,0.39,
1011,0.71,
1012,0.32,
1013,0.46,
1014,0.21,
1015,0.94,
1016,0.53,
1017,0.22,
1018,0.1,
1019,0.59,
1020,0.79,
1021,0.36,
1022,0.56,
1023,0.53,
1024,1.0,
1025,0.82,
1026,0.22,
1027,0.86,
1028,0.39,
1029,0.76,
1030,0.99,
1031,0.6,
1032,0.56,
1033,0.35,
1034,0.62,
1035,0.25,
1036,0.93,
1037,0.26,
1038,0.41,
1039,0.0,
1040,0.72,
1041,0.14,
1042,0.42,
1043,0.47,
1044,0.38,
1045,0.36,
1046,0.74,
1047,0.03,
1048,0.78,
1049,0.58,
1050,0.72,
1051,0.25,
1052,0.44,
1053,0.84,
1054,0.3,
1055,0.59,
1056,0.82,
1057,0.36,
1058,0.78,
1059,0.76,
1060,0.4,
1061,0.17,
1062,0.51,
1063,0.76,
1064,0.14,
1065,0.61,
1066,0.86,
1067,0.26,
1068,0.18,
1069,0.5,
1070,0.55,
1071,0.83,
1072,0.63,
1073,0.59,
1074,0.14,
1075,0.29,
1076,0.22,
1077,0.44,
1078,0.64,
1079,0.07,
1080,0.9,
1081,0.54,
1082,0.85,
1083,0.62,
1084,0.05,
1085,0.55,
1086,0.45,
1087,0.55,
1088,0.19,
1089,0.94,
1090,0.01,
1091,0.56,
1092,0.22,
1093,0.72,
1094,0.09,
1095,0.66,
1096,0.47,
1097,0.37,
1098,0.88,
1099,0.88,
1100,0.81,
1101,0.64,
1102,0.47,
1103,0.58,
1104,0.64,
1105,0.05,
1106,0.66,
1107,0.54,
1108,0.85,
1109,0.47,
1110,0.6,
1111,0.18,
1112,0.27,
1113,0.28,
1114,0.04,
1115,0.87,
1116,0.64,
1117,0.89,
1118,0.62,
1119,0.96,
1120,0.88,
1121,0.87,
1122,0.76,
1123,0.62,
1124,0.6,
1125,0.22,
1126,0.77,
1127,0.91,
1128,0.76,
1129,0.48,
1130,0.28,
1131,0.54,
1132,0.86,
1133,0.56,
1134,0.43,
1135,0.81,
1136,0.17,
1137,0.1,
1138,0.8,
1139,0.72,
1140,0.22,
1141,0.85,
1142,0.9,
1143,0.95,
1144,0.59,
1145,0.82,
1146,0.99,
1147,0.65,
1148,0.67,
1149,0.37,
1150,0.14,
1151,0.41,
1152,0.31,
1153,0.55,
1154,0.9,
1155,0.62,
1156,0.53,
1157,0.53,
1158,0.33,
1159,0.22,
1160,0.84,
1161,0.47,
1162,0.2,
1163,0.61,
1164,0.18,
1165,0.13,
1166,0.26,
1167,0.83,
1168,1.0,
1169,0.16,
1170,0.25,
1171,0.78,
1172,0.64,
1173,0.85,
1174,0.73,
1175,0.02,
1176,0.13,
1177,0.65,
1178,0.92,
1179,0.26,
1180,0.35,
1181,0.06,
1182,0.9,
1183,0.54,
1184,0.76,
1185,0.88,
1186,0.22,
1187,0.57,
1188,0.55,
1189,0.87,
1190,0.48,
1191,0.86,
1192,0.58,
1193,0.97,
1194,0.25,
1195,0.73,
1196,0.72,
1197,0.12,
1198,0.5,
1199,0.26,
1200,0.72,
1201,0.27,
1202,0.99,
1203,0.71,
1204,0.75,
1205,0.82,
1206,0.69,
1207,0.53,
1208,0.97,
1209,0.39,
1210,0.57,
1211,0.09,
1212,0.88,
1213,0.31,
1214,0.43,
1215,0.89,
1216,0.91,
1217,0.46,
1218,0.26,
1219,0.21,
1220,0.69,
1221,0.53,
1222,0.06,
1223,0.55,
1224,0.73,
1225,0.99,
1226,0.86,
1227,0.02,
1228,0.84,
1229,0.48,
1230,0.13,
1231,0.82,
1232,0.49,
1233,0.62,
1234,0.65,
1235,0.04,
1236,0.54,
1237,0.31,
1238,0.71,
1239,0.79,
1240,0.6,
1241,0.63,
1242,0.69,
1243,0.13,
1244,0.22,
1245,0.0,
1246,0.22,
1247,0.03,
1248,1.0,
1249,0.13,
1250,0.39,
1251,0.79,
1252,0.24,
1253,0.52,
1254,0.57,
1255,0.33,
1256,0.86,
1257,0.94,
1258,0.91,
1259,0.36,
1260,0.99,
1261,0.06,
1262,0.41,
1263,0.46,
1264,0.49,
1265,0.56,
1266,0.37,
1267,0.75,
1268,0.55,
1269,0.45,
1270,0.88,
1271,0.48,
1272,0.98,
1273,0.61,
1274,0.37,
1275,0.02,
1276,0.61,
1277,0.67,
1278,0.2,
1279,0.26,
1280,0.04,
1281,0.76,
1282,0.96,
1283,0.71,
1284,0.39,
1285,0.17,
1286,0.57,
1287,0.74,
1288,0.04,
1289,0.49,
1290,0.42,
1291,0.31,
1292,0.97,
1293,0.39,
1294,0.85,
1295,0.13,
1296,0.09,
1297,0.82,
1298,0.39,
1299,0.27,
1300,0.03,
1301,0.84,
1302,0.15,
1303,0.84,
1304,0.0,
1305,0.05,
1306,0.12,
1307,0.03,
1308,0.27,
1309,0.97,
1310,0.75,
1311,0.26,
1312,0.35,
1313,0.18,
1314,0.99,
1315,0.99,
1316,0.6,
1317,0.52,
1318,0.88,
1319,0.25,
1320,0.39,
1321,0.56,
1322,0.33,
1323,0.35,
1324,0.94,
1325,0.26,
1326,0.83,
1327,0.62,
1328,0.84,
1329,0.7,
1330,0.87,
1331,0.1,
1332,0.46,
1333,0.4,
1334,0.6,
1335,0.67,
1336,0.59,
1337,0.21,
1338,0.05,
1339,0.76,
1340,0.75,
1341,0.62,
1342,0.33,
1343,0.52,
1344,0.33,
1345,0.29,
1346,0.61,
1347,0.5,
1348,0.33,
1349,0.42,
1350,0.47,
1351,0.62,
1352,0.07,
1353,0.21,
1354,0.83,
1355,0.98,
1356,0.25,
1357,0.47,
1358,0.39,
1359,0.57,
1360,0.63,
1361,0.68,
1362,0.5,
1363,0.18,
1364,0.13,
1365,0.3,
1366,0.0,
1367,0.33,
1368,0.16,
1369,0.89,
1370,0.21,
1371,0.34,
1372,0.76,
1373,0.99,
1374,0.78,
1375,0.9,
1376,0.46,
1377,0.92,
1378,0.37,
1379,0.7,
1380,0.05,
1381,0.96,
1382,0.69,
1383,0.59,
1384,0.21,
1385,0.29,
1386,0.71,
1387,0.04,
1388,1.0,
1389,0.69,
1390,0.29,
1391,0.25,
1392,0.31,
1393,0.3,
1394,0.31,
1395,0.17,
1396,0.13,
1397,0.97,
1398,0.91,
1399,0.9,
1400,0.53,
1401,0.3,
1402,0.28,
1403,0.11,
1404,0.85,
1405,0.17,
1406,0.95,
1407,0.78,
1408,0.31,
1409,0.94,
1410,0.39,
1411,0.59,
1412,0.34,
1413,0.56,
1414,0.4,
1415,0.74,
1416,0.94,
1417,0.01,
1418,0.88,
1419,0.34,
1420,0.01,
1421,0.11,
1422,0.99,
1423,0.85,
1424,0.43,
1425,0.88,
1426,0.13,
1427,0.75,
1428,0.81,
1429,0.65,
1430,0.97,
1431,0.17,
1432,0.1,
1433,0.25,
1434,0.54,
1435,0.86,
1436,0.61,
1437,0.19,
1438,0.19,
1439,0.88,
1440,0.7,
1441,0.48,
1442,0.11,
1443,0.76,
1444,0.7,
1445,0.53,
1446,0.98,
1447,0.51,
1448,0.84,
1449,0.41,
1450,0.66,
1451,0.66,
1452,0.18,
1453,0.6,
1454,0.7,
1455,0.97,
1456,0.1,
1457,0.79,
1458,0.95,
1459,0.62,
1460,0.37,
1461,0.23,
1462,0.66,
1463,0.67,
1464,0.27,
1465,0.45,
1466,0.68,
1467,0.37,
1468,0.09,
1469,0.5,
1470,0.74,
1471,0.2,
1472,0.39,
1473,0.27,
1474,0.86,
1475,0.17,
1476,0.49,
1477,0.81,
1478,0.24,
1479,0.98,
1480,0.98,
1481,0.45,
1482,0.03,
1483,0.12,
1484,0.95,
1485,0.78,
1486,0.53,
1487,0.14,
1488,0.05,
1489,0.06,
1490,0.17,
1491,0.3,
1492,0.23,
1493,0.87,
1494,0.32,
1495,0.13,
1496,0.21,
1497,0.96,
1498,0.96,
1499,0.85,
1500,0.31,
1501,0.04,
1502,0.91,
1503,0.34,
1504,0.41,
1505,0.91,
1506,0.18,
1507,0.39,
1508,0.19,
1509,0.59,
1510,0.33,
1511,0.31,
1512,0.67,
1513,1.0,
1514,0.56,
1515,0.66,
1516,0.98,
1517,0.78,
1518,0.03,
1519,0.85,
1520,0.39,
1521,0.64,
1522,0.45,
1523,0.4,
1524,0.78,
1525,0.43,
1526,0.47,
1527,0.58,
1528,0.12,
1529,0.93,
1530,0.06,
1531,0.19,
1532,0.61,
1533,0.37,
1534,0.98,
1535,0.94,
1536,0.24,
1537,0.38,
1538,0.51,
1539,0.85,
1540,0.97,
1541,0.57,
1542,0.01,
1543,0.7,
1544,0.23,
1545,0.53,
1546,0.24,
1547,0.99,
1548,0.05,
1549,0.65,
1550,0.08,
1551,0.89,
1552,0.85,
1553,0.97,
1554,0.34,
1555,0.85,
1556,0.39,
1557,0.64,
1558,0.74,
1559,0.85,
1560,0.18,
1561,0.37,
1562,0.0,
1563,0.76,
1564,0.86,
1565,0.25,
1566,0.15,
1567,0.04,
1568,0.29,
1569,0.15,
1570,0.25,
1571,0.47,
1572,0.34,
1573,0.36,
1574,0.22,
1575,0.55,
1576,0.2,
1577,0.19,
1578,0.55,
1579,0.4,
1580,0.67,
1581,0.49,
1582,0.45,
1583,0.87,
1584,0.01,
1585,0.13,
1586,0.93,
1587,0.67,
1588,0.2,
1589,0.28,
1590,0.88,
1591,0.7,
1592,0.42,
1593,0.2,
1594,0.47,
1595,0.72,
1596,0.9,
1597,0.08,
1598,0.04,
1599,0.98,
1600,0.45,
1601,0.16,
1602,0.3,
1603,0.11,
1604,0.77,
1605,0.55,
1606,0.36,
1607,0.34,
1608,0.62,
1609,0.56,
1610,0.69,
1611,0.99,
1612,0.67,
1613,0.5,
1614,0.11,
1615,0.29,
1616,0.6,
1617,0.71,
1618,0.99,
1619,0.37,
1620,0.26,
1621,0.49,
1622,0.59,
1623,0.86,
1624,0.15,
1625,0.36,
1626,0.64,
1627,0.91,
1628,0.56,
1629,0.84,
1630,0.93,
1631,0.92,
1632,0.73,
1633,0.67,
1634,0.95,
1635,0.37,
1636,0.75,
1637,0.08,
1638,0.66,
1639,0.28,
1640,0.31,
1641,0.49,
1642,0.83,
1643,0.21,
1644,0.63,
1645,0.63,
1646,0.26,
1647,0.28,
1648,0.83,
1649,0.33,
1650,0.17,
1651,0.91,
1652,0.25,
1653,0.02,
1654,0.25,
1655,0.67,
1656,0.65,
1657,0.37,
1658,0.75,
1659,0.32,
1660,0.73,
1661,0.89,
1662,0.81,
1663,0.5,
1664,0.62,
1665,0.01,
1666,1.0,
1667,0.24,
1668,0.74,
1669,0.69,
1670,0.59,
1671,0.14,
1672,0.5,
1673,0.61,
1674,0.09,
1675,0.16,
1676,0.77,
1677,0.08,
1678,0.5,
1679,0.5,
1680,0.13,
1681,0.09,
1682,0.45,
1683,0.39,
1684,0.53,
1685,0.73,
1686,0.94,
1687,0.85,
1688,0.7,
1689,0.72,
1690,0.09,
1691,0.41,
1692,0.47,
1693,0.28,
1694,0.96,
1695,0.76,
1696,0.64,
1697,0.58,
1698,0.58,
1699,0.62,
1700,0.12,
1701,0.97,
1702,0.49,
1703,0.93,
1704,0.95,
1705,0.09,
1706,0.15,
1707,0.22,
1708,0.58,
1709,0.88,
1710,0.42,
1711,0.07,
1712,0.17,
1713,0.05,
1714,0.3,
1715,0.73,
1716,0.57,
1717,0.12,
1718,0.35,
1719,0.64,
1720,0.4,
1721,0.07,
1722,0.33,
1723,0.1,
1724,0.72,
1725,0.9,
1726,0.42,
1727,0.36,
1728,0.57,
1729,0.47,
1730,0.28,
1731,0.88,
1732,0.79,
1733,0.88,
1734,0.99,
1735,0.81,
1736,0.09,
1737,0.78,
1738,0.57,
1739,0.47,
1740,0.49,
1741,0.64,
1742,0.32,
1743,0.94,
1744,0.46,
1745,0.43,
1746,0.01,
1747,0.75,
1748,0.73,
1749,0.68,
1750,0.89,
1751,0.5,
1752,0.37,
1753,0.05,
1754,0.66,
1755,0.74,
1756,0.24,
1757,0.42,
1758,0.21,
1759,0.88,
1760,0.38,
1761,0.38,
1762,0.69,
1763,0.86,
1764,0.77,
1765,0.78,
1766,0.6,
1767,0.46,
1768,0.84,
1769,0.6,
1770,0.57,
1771,0.66,
1772,1.0,
1773,0.69,
1774,0.14,
1775,0.6,
1776,0.71,
1777,0.19,
1778,0.55,
1779,0.5,
1780,0.64,
1781,0.08,
1782,0.07,
1783,0.2,
1784,0.34,
1785,0.53,
1786,0.35,
1787,0.2,
1788,0.42,
1789,0.58,
1790,0.1,
1791,0.66,
1792,0.23,
1793,0.13,
1794,0.13,
1795,0.32,
1796,0.39,
1797,0.36,
1798,0.46,
1799,0.56,
1800,0.19,
1801,0.87,
1802,0.12,
1803,0.64,
1804,0.74,
1805,0.59,
1806,0.67,
1807,0.86,
1808,0.93,
1809,0.44,
1810,0.74,
1811,0.62,
1812,0.31,
1813,0.51,
1814,0.47,
1815,0.12,
1816,0.28,
1817,0.59,
1818,0.3,
1819,0.95,
1820,0.66,
1821,0.83,
1822,0.05,
1823,0.07,
1824,0.18,
1825,0.25,
1826,0.28,
1827,0.24,
1828,0.77,
1829,0.63,
1830,0.61,
1831,0.65,
1832,0.44,
1833,0.82,
1834,0.21,
1835,0.15,
1836,0.33,
1837,0.71,
1838,0.03,
1839,0.44,
1840,0.15,
1841,0.14,
1842,0.8,
1843,0.06,
1844,0.19,
1845,0.93,
1846,0.48,
1847,0.93,
1848,0.35,
1849,0.06,
1850,0.12,
1851,0.95,
1852,0.34,
1853,0.97,
1854,0.8,
1855,0.67,
1856,0.77,
1857,0.33,
1858,0.95,
1859,0.88,
1860,0.08,
1861,0.41,
1862,1.0,
1863,0.46,
1864,0.05,
1865,1.0,
1866,0.97,
1867,0.15,
1868,0.29,
1869,0.86,
1870,0.15,
1871,0.62,
1872,0.54,
1873,0.69,
1874,0.75,
1875,0.88,
1876,0.72,
1877,0.01,
1878,0.93,
1879,0.62,
1880,0.47,
1881,0.6,
1882,0.59,
1883,0.56,
1884,0.9,
1885,0.9,
1886,0.38,
1887,0.47,
1888,0.37,
1889,0.21,
1890,0.33,
1891,0.32,
1892,0.41,
1893,0.45,
1894,0.15,
1895,0.32,
1896,0.16,
1897,0.29,
1898,0.46,
1899,0.24,
1900,0.3,
1901,0.99,
1902,0.09,
1903,0.78,
1904,0.25,
1905,0.98,
1906,0.62,
1907,0.74,
1908,0.76,
1909,0.67,
1910,0.83,
1911,0.81,
1912,0.61,
1913,0.17,
1914,0.29,
1915,0.26,
1916,0.52,
1917,0.86,
1918,0.26,
1919,0.41,
1920,0.7,
1921,0.64,
1922,0.8,
1923,0.0,
1924,0.76,
1925,0.25,
1926,0.75,
1927,0.01,
1928,0.43,
1929,0.16,
1930,0.06,
1931,0.85,
1932,0.59,
1933,0.31,
1934,0.83,
1935,0.65,
1936,0.46,
1937,0.56,
1938,0.52,
1939,0.03,
1940,0.48,
1941,0.71,
1942,0.28,
1943,0.81,
1944,0.03,
1945,0.11,
1946,0.59,
1947,0.81,
1948,0.19,
1949,0.49,
1950,0.37,
1951,0.3,
1952,0.68,
1953,0.41,
1954,0.68,
1955,0.82,
1956,0.6,
1957,0.48,
1958,0.68,
1959,0.59,
1960,0.14,
1961,0.02,
1962,0.58,
1963,0.99,
1964,0.03,
1965,0.9,
1966,0.62,
1967,0.48,
1968,0.85,
1969,0.21,
1970,0.81,
1971,0.58,
1972,0.84,
1973,0.07,
1974,0.8,
1975,0.39,
1976,0.68,
1977,0.3,
1978,0.89,
1979,0.43,
1980,0.8,
1981,0.89,
1982,0.51,
1983,0.91,
1984,0.38,
1985,0.95,
1986,0.82,
1987,0.9,
1988,0.57,
1989,0.38,
1990,0.12,
1991,0.61,
1992,0.88,
1993,0.21,
1994,0.44,
1995,0.32,
1996,0.36,
1997,0.18,
1998,0.49,
1999,0.01,
2000,0.36,
2001,0.46,
2002,0.0,
2003,0.82,
2004,0.16,
2005,0.59,
2006,0.65,
2007,0.73,
2008,0.94,
2009,0.9,
2010,0.28,
2011,0.49,
2012,0.19,
2013,0.27,
2014,0.45,
2015,0.2,
2016,0.97,
2017,0.49,
2018,0.34,
2019,0.41,
2020,0.69,
2021,0.45,
2022,0.37,
2023,0.26,
2024,0.83,
2025,0.96,
2026,0.12,
2027,0.95,
2028,0.83,
2029,0.92,
2030,0.69,
2031,0.93,
2032,0.05,
2033,0.85,
2034,0.86,
2035,0.03,
2036,0.99,
2037,0.79,
2038,0.88,
2039,0.03,
2040,0.17,
2041,0.8,
2042,0.5,
2043,0.53,
2044,0.87,
2045,0.65,
2046,0.28,
2047,0.78,
2048,0.31,
2049,0.15,
2050,0.14,
2051,0.33,
2052,0.36,
2053,0.28,
2054,0.76,
2055,0.72,
2056,0.08,
2057,0.85,
2058,0.04,
2059,0.57,
2060,0.57,
2061,0.74,
2062,0.55,
2063,0.15,
2064,0.34,
2065,0.09,
2066,0.03,
2067,0.24,
2068,0.17,
2069,0.3,
2070,0.86,
2071,0.21,
2072,0.87,
2073,0.19,
2074,0.36,
2075,0.44,
2076,0.36,
2077,0.3,
2078,0.77,
2079,0.28,
2080,0.55,
2081,0.42,
2082,0.79,
2083,0.87,
2084,0.71,
2085,0.83,
2086,0.05,
2087,0.63,
2088,0.11,
2089,0.6,
2090,0.46,
2091,0.24,
2092,0.26,
2093,0.38,
2094,0.67,
2095,0.65,
2096,0.05,
2097,0.01,
2098,0.85,
2099,0.59,
2100,0.1,
2101,0.02,
2102,0.19,
2103,0.27,
2104,0.44,
2105,0.74,
2106,0.36,
2107,0.48,
2108,0.73,
2109,0.61,
2110,0.96,
2111,0.86,
2112,0.17,
2113,0.62,
2114,0.2,
2115,0.06,
2116,0.24,
2117,0.88,
2118,0.82,
2119,0.26,
2120,0.57,
2121,0.89,
2122,0.33,
2123,0.51,
2124,0.84,
2125,0.72,
2126,0.41,
2127,0.2,
2128,0.02,
2129,0.38,
2130,0.61,
2131,0.81,
2132,0.84,
2133,1.0,
2134,0.27,
2135,1.0,
2136,0.14,
2137,0.11,
2138,0.69,
2139,0.03,
2140,0.84,
2141,1.0,
2142,0.53,
2143,0.55,
2144,0.66,
2145,0.63,
2146,0.92,
2147,0.66,
2148,0.35,
2149,0.66,
2150,0.53,
2151,0.68,
2152,0.65,
2153,0.45,
2154,0.61,
2155,0.69,
2156,0.72,
2157,0.81,
2158,0.11,
2159,0.68,
2160,0.13,
2161,0.1,
2162,0.25,
2163,0.06,
2164,0.46,
2165,0.45,
2166,0.34,
2167,0.59,
2168,0.6,
2169,0.79,
2170,0.74,
2171,0.22,
2172,0.45,
2173,0.83,
2174,0.57,
2175,0.59,
2176,0.84,
2177,0.05,
2178,0.19,
2179,0.87,
2180,0.19,
2181,0.47,
2182,0.28,
2183,0.88,
2184,0.58,
2185,0.26,
2186,0.52,
2187,0.87,
2188,0.9,
2189,0.67,
2190,0.37,
2191,0.53,
2192,0.55,
2193,0.26,
2194,0.09,
2195,0.06,
2196,0.04,
2197,0.55,
2198,0.7,
2199,0.39,
2200,0.73,
2201,0.9,
2202,0.45,
2203,0.71,
2204,0.21,
2205,0.82,
2206,0.05,
2207,0.13,
2208,0.08,
2209,0.5,
2210,0.64,
2211,0.49,
2212,0.13,
2213,0.69,
2214,0.44,
2215,0.93,
2216,0.85,
2217,0.32,
2218,0.7,
2219,0.66,
2220,0.58,
2221,0.6,
2222,0.95,
2223,0.19,
2224,0.68,
2225,0.04,
2226,0.19,
2227,0.69,
2228,0.91,
2229,0.17,
2230,0.82,
2231,0.04,
2232,0.75,
2233,0.01,
2234,0.88,
2235,0.72,
2236,0.91,
2237,0.92,
2238,0.39,
2239,0.87,
2240,0.7,
2241,0.37,
2242,0.35,
2243,0.32,
2244,0.56,
2245,0.93,
2246,0.31,
2247,0.38,
2248,0.09,
2249,0.2,
2250,0.38,
2251,0.95,
2252,0.42,
2253,0.82,
2254,0.2,
2255,0.61,
2256,0.33,
2257,0.88,
2258,0.71,
2259,0.13,
2260,0.59,
2261,0.76,
2262,0.49,
2263,0.41,
2264,0.69,
2265,0.66,
2266,0.64,
2267,0.5,
2268,0.9,
2269,0.37,
2270,0.18,
2271,0.69,
2272,0.76,
2273,0.65,
2274,0.06,
2275,0.63,
2276,0.92,
2277,0.39,
2278,0.61,
2279,0.58,
2280,0.22,
2281,0.31,
2282,0.12,
2283,0.96,
2284,0.06,
2285,0.24,
2286,0.86,
2287,0.9,
2288,0.96,
2289,0.28,
2290,0.11,
2291,0.71,
2292,0.59,
2293,0.58,
2294,0.32,
2295,0.28,
2296,0.2,
2297,0.36,
2298,0.65,
2299,0.98,
2300,0.33,
2301,0.72,
2302,0.63,
2303,0.58,
2304,0.76,
2305,0.65,
2306,0.88,
2307,0.36,
2308,0.84,
2309,0.42,
2310,0.1,
2311,0.52,
2312,0.92,
2313,0.13,
2314,0.13,
2315,0.49,
2316,0.21,
2317,0.54,
2318,0.35,
2319,0.42,
2320,0.65,
2321,0.57,
2322,0.76,
2323,0.62,
2324,0.22,
2325,0.99,
2326,0.76,
2327,0.42,
2328,0.93,
2329,0.01,
2330,0.23,
2331,0.79,
2332,0.61,
2333,0.98,
2334,0.46,
2335,0.8,
2336,0.24,
2337,0.96,
2338,0.74,
2339,0.68,
2340,0.84,
2341,0.79,
2342,0.97,
2343,0.69,
2344,0.06,
2345,0.39,
2346,1.0,
2347,0.11,
2348,0.11,
2349,0.9,
2350,0.98,
2351,0.03,
2352,0.99,
2353,0.48,
2354,0.32,
2355,0.64,
2356,1.0,
2357,0.84,
2358,0.66,
2359,0.97,
2360,0.95,
2361,0.61,
2362,0.13,
2363,0.4,
2364,0.25,
2365,0.6,
2366,0.46,
2367,0.59,
2368,0.83,
2369,0.55,
2370,0.82,
2371,0.23,
2372,0.32,
2373,0.71,
2374,0.73,
2375,0.59,
2376,0.28,
2377,0.91,
2378,0.14,
2379,0.98,
2380,0.18,
2381,0.54,
2382,0.08,
2383,0.68,
2384,0.65,
2385,0.33,
2386,0.99,
2387,0.95,
2388,0.67,
2389,0.56,
2390,0.46,
2391,0.85,
2392,0.0,
2393,0.43,
2394,0.32,
2395,0.97,
2396,0.15,
2397,0.2,
2398,0.24,
2399,0.82,
2400,0.17,
2401,0.25,
2402,0.64,
2403,0.09,
2404,0.25,
2405,0.82,
2406,0.52,
2407,0.3,
2408,0.08,
2409,0.4,
2410,0.76,
2411,0.8,
2412,0.65,
2413,0.94,
2414,0.46,
2415,0.87,
2416,0.68,
2417,0.69,
2418,0.29,
2419,0.63,
2420,0.19,
2421,0.22,
2422,0.71,
2423,0.07,
2424,0.23,
2425,0.84,
2426,0.95,
2427,0.41,
2428,0.82,
2429,0.74,
2430,0.61,
2431,0.15,
2432,0.23,
2433,0.66,
2434,0.21,
2435,0.65,
2436,0.32,
2437,0.26,
2438,0.19,
2439,0.66,
2440,0.38,
2441,0.42,
2442,0.64,
2443,0.91,
2444,0.49,
2445,0.2,
2446,0.63,
2447,0.07,
2448,0.49,
2449,0.2,
2450,0.38,
2451,0.74,
2452,0.64,
2453,0.57,
2454,0.37,
2455,0.55,
2456,0.28,
2457,0.98,
2458,0.95,
2459,0.78,
2460,0.27,
2461,0.73,
2462,0.37,
2463,0.9,
2464,0.08,
2465,0.46,
2466,0.88,
2467,0.65,
2468,0.66,
2469,0.65,
2470,0.81,
2471,0.09,
2472,0.72,
2473,0.08,
2474,0.29,
2475,0.06,
2476,0.18,
2477,0.47,
2478,0.7,
2479,0.07,
2480,0.55,
2481,0.3,
2482,0.61,
2483,0.76,
2484,0.83,
2485,0.41,
2486,0.71,
2487,0.81,
2488,0.76,
2489,0.42,
2490,0.76,
2491,0.93,
2492,0.51,
2493,0.35,
2494,0.57,
2495,0.6,
2496,0.87,
2497,0.93,
2498,0.06,
2499,0.81,
2500,0.53,
2501,0.07,
2502,0.46,
2503,0.57,
2504,0.28,
2505,0.55,
2506,1.0,
2507,0.7,
2508,0.43,
2509,0.6,
2510,0.46,
2511,0.38,
2512,0.61,
2513,0.35,
2514,0.67,
2515,0.87,
2516,0.48,
2517,0.88,
2518,0.77,
2519,0.31,
2520,0.45,
2521,0.88,
2522,0.48,
2523,0.28,
2524,0.59,
2525,0.65,
2526,0.04,
2527,0.9,
2528,0.89,
2529,0.67,
2530,0.69,
2531,0.45,
2532,0.56,
2533,0.53,
2534,0.48,
2535,0.14,
2536,0.62,
2537,0.88,
2538,0.86,
2539,0.62,
2540,0.46,
2541,0.6,
2542,0.57,
2543,0.17,
2544,0.04,
2545,0.48,
2546,0.05,
2547,0.69,
2548,0.93,
2549,0.52,
2550,0.39,
2551,0.52,
2552,0.42,
2553,0.05,
2554,0.64,
2555,0.48,
2556,0.65,
2557,0.01,
2558,0.42,
2559,0.0,
2560,0.64,
2561,0.7,
2562,0.79,
2563,0.22,
2564,0.26,
2565,0.14,
2566,0.19,
2567,0.89,
2568,0.46,
2569,0.28,
2570,0.29,
2571,0.46,
2572,0.46,
2573,0.27,
2574,0.85,
2575,0.54,
2576,0.94,
2577,0.67,
2578,0.63,
2579,0.08,
2580,0.54,
2581,0.86,
2582,0.01,
2583,0.46,
2584,0.14,
2585,0.68,
2586,0.36,
2587,0.09,
2588,0.25,
2589,0.47,
2590,0.47,
2591,0.89,
2592,0.46,
2593,0.24,
2594,0.07,
2595,0.46,
2596,0.54,
2597,0.93,
2598,0.48,
2599,0.0,
2600,0.84,
2601,0.33,
2602,0.76,
2603,0.71,
2604,0.5,
2605,0.39,
2606,0.48,
2607,0.49,
2608,0.83,
2609,0.5,
2610,0.17,
2611,0.98,
2612,0.16,
2613,0.76,
2614,0.81,
2615,0.17,
2616,0.89,
2617,0.77,
2618,0.89,
2619,0.23,
2620,0.49,
2621,0.86,
2622,0.33,
2623,0.97,
2624,0.84,
2625,0.99,
2626,0.7,
2627,0.66,
2628,0.78,
2629,0.06,
2630,0.37,
2631,0.74,
2632,0.98,
2633,0.52,
2634,0.03,
2635,0.05,
2636,0.01,
2637,0.93,
2638,0.51,
2639,0.53,
2640,0.49,
2641,0.59,
2642,0.5,
2643,0.9,
2644,0.06,
2645,0.5,
2646,0.83,
2647,0.2,
2648,0.59,
2649,0.83,
2650,0.21,
2651,0.64,
2652,0.68,
2653,0.41,
2654,0.44,
2655,0.72,
2656,0.32,
2657,0.62,
2658,0.07,
2659,0.32,
2660,0.06,
2661,0.08,
2662,0.47,
2663,0.73,
2664,0.52,
2665,0.41,
2666,0.93,
2667,0.4,
2668,0.03,
2669,0.42,
2670,0.37,
2671,0.57,
2672,0.17,
2673,0.53,
2674,0.35,
2675,0.52,
2676,0.98,
2677,0.33,
2678,0.01,
2679,0.91,
2680,0.89,
2681,0.91,
2682,0.9,
2683,0.5,
2684,0.14,
2685,0.01,
2686,0.52,
2687,0.68,
2688,0.23,
2689,0.04,
2690,0.88,
2691,0.86,
2692,0.3,
2693,0.56,
2694,0.83,
2695,0.38,
2696,0.47,
2697,0.35,
2698,0.18,
2699,0.12,
2700,0.77,
2701,0.39,
2702,0.48,
2703,0.05,
2704,0.22,
2705,0.39,
2706,0.42,
2707,0.25,
2708,0.74,
2709,0.21,
2710,0.51,
2711,0.23,
2712,0.27,
2713,0.0,
2714,0.19,
2715,0.66,
2716,0.13,
2717,0.51,
2718,0.15,
2719,0.55,
2720,0.65,
2721,0.7,
2722,0.72,
2723,0.69,
2724,0.59,
2725,0.39,
2726,0.09,
2727,0.59,
2728,0.39,
2729,0.41,
2730,0.99,
2731,0.01,
2732,0.71,
2733,0.07,
2734,0.71,
2735,0.11,
2736,0.62,
2737,0.93,
2738,0.92,
2739,0.64,
2740,0.72,
2741,0.85,
2742,0.9,
2743,0.47,
2744,0.58,
2745,0.26,
2746,0.09,
2747,0.96,
2748,0.1,
2749,0.2,
2750,0.63,
2751,0.46,
2752,0.09,
2753,0.83,
2754,0.68,
2755,0.21,
2756,0.86,
2757,0.46,
2758,0.64,
2759,0.66,
2760,0.31,
2761,0.76,
2762,0.26,
2763,0.74,
2764,0.4,
2765,0.49,
2766,0.23,
2767,0.68,
2768,0.86,
2769,0.23,
2770,0.45,
2771,0.53,
2772,0.16,
2773,0.8,
2774,0.91,
2775,0.98,
2776,0.87,
2777,0.11,
2778,0.29,
2779,0.3,
2780,0.1,
2781,0.68,
2782,0.44,
2783,0.64,
2784,0.2,
2785,0.97,
2786,0.7,
2787,0.36,
2788,0.92,
2789,0.68,
2790,0.96,
2791,0.99,
2792,0.16,
2793,0.24,
2794,0.21,
2795,0.76,
2796,0.12,
2797,0.93,
2798,0.21,
2799,0.22,
2800,0.39,
2801,0.5,
2802,0.89,
2803,0.76,
2804,0.48,
2805,0.58,
2806,0.99,
2807,0.91,
2808,0.53,
2809,0.11,
2810,0.65,
2811,0.97,
2812,0.55,
2813,0.67,
2814,0.97,
2815,0.1,
2816,0.38,
2817,0.75,
2818,0.56,
2819,0.36,
2820,0.19,
2821,0.15,
2822,0.74,
2823,0.63,
2824,0.02,
2825,0.93,
2826,0.3,
2827,0.15,
2828,0.06,
2829,0.65,
2830,0.08,
2831,0.13,
2832,0.41,
2833,0.17,
2834,0.15,
2835,0.84,
2836,0.27,
2837,0.22,
2838,0.83,
2839,0.86,
2840,0.23,
2841,0.72,
2842,0.91,
2843,0.96,
2844,0.06,
2845,0.58,
2846,0.5,
2847,0.97,
2848,0.09,
2849,1.0,
2850,0.34,
2851,0.7,
2852,0.48,
2853,0.12,
2854,0.25,
2855,0.66,
2856,0.13,
2857,0.43,
2858,0.25,
2859,0.1,
2860,0.63,
2861,0.98,
2862,0.19,
2863,0.7,
2864,0.8,
2865,0.33,
2866,0.28,
2867,0.59,
2868,0.78,
2869,0.93,
2870,0.67,
2871,0.9,
2872,0.97,
2873,0.73,
2874,0.77,
2875,0.02,
2876,0.41,
2877,0.85,
2878,0.4,
2879,0.74,
2880,0.98,
2881,0.43,
2882,0.98,
2883,0.54,
2884,0.51,
2885,0.95,
2886,0.11,
2887,0.06,
2888,0.58,
2889,0.49,
2890,0.17,
2891,0.82,
2892,0.28,
2893,0.98,
2894,0.62,
2895,0.53,
2896,0.64,
2897,0.75,
2898,0.45,
2899,0.87,
2900,0.01,
2901,0.84,
2902,0.68,
2903,0.08,
2904,0.72,
2905,0.01,
2906,0.37,
2907,0.15,
2908,0.38,
2909,0.27,
2910,0.07,
2911,0.56,
2912,0.82,
2913,0.3,
2914,0.0,
2915,0.86,
2916,0.37,
2917,0.85,
2918,0.77,
2919,0.1,
2920,0.26,
2921,0.78,
2922,0.1,
2923,0.0,
2924,0.43,
2925,0.06,
2926,0.94,
2927,0.1,
2928,0.29,
2929,0.49,
2930,0.5,
2931,0.24,
2932,0.35,
2933,0.28,
2934,0.13,
2935,0.41,
2936,0.64,
2937,0.84,
2938,0.37,
2939,0.2,
2940,0.3,
2941,0.38,
2942,0.13,
2943,0.14,
2944,0.71,
2945,0.82,
2946,0.99,
2947,0.37,
2948,0.05,
2949,0.06,
2950,0.74,
2951,0.38,
2952,0.48,
2953,0.81,
2954,0.87,
2955,0.22,
2956,0.36,
2957,0.94,
2958,0.19,
2959,0.36,
2960,0.0,
2961,0.69,
2962,0.6,
2963,0.47,
2964,0.2,
2965,0.13,
2966,0.99,
2967,0.1,
2968,0.23,
2969,0.95,
2970,0.5,
2971,0.48,
2972,0.68,
2973,0.68,
2974,0.58,
2975,0.74,
2976,0.61,
2977,0.2,
2978,0.46,
2979,0.71,
2980,0.68,
2981,0.17,
2982,0.34,
2983,0.54,
2984,0.17,
2985,0.58,
2986,0.37,
2987,0.37,
2988,0.07,
2989,0.07,
2990,0.3,
2991,0.06,
2992,0.22,
2993,0.36,
2994,0.12,
2995,0.04,
2996,0.79,
2997,0.48,
2998,0.21,
2999,0.46,
3000,0.24,
3001,0.23,
3002,0.98,
3003,0.71,
3004,0.98,
3005,0.92,
3006,0.36,
3007,0.14,
3008,0.88,
3009,0.88,
3010,0.39,
3011,0.82,
3012,0.05,
3013,0.2,
3014,0.06,
3015,0.69,
3016,0.84,
3017,0.16,
3018,0.01,
3019,0.31,
3020,0.93,
3021,0.72,
3022,0.19,
3023,0.28,
3024,0.42,
3025,0.87,
3026,0.0,
3027,0.69,
3028,0.46,
3029,0.17,
3030,0.93,
3031,0.24,
3032,0.92,
3033,0.87,
3034,0.72,
3035,0.56,
3036,0.24,
3037,0.75,
3038,0.68,
3039,0.27,
3040,0.76,
3041,0.21,
3042,0.02,
3043,0.7,
3044,0.72,
3045,0.53,
3046,0.15,
3047,0.45,
3048,0.41,
3049,0.93,
3050,0.04,
3051,0.06,
3052,0.72,
3053,0.46,
3054,0.89,
3055,0.99,
3056,0.28,
3057,0.01,
3058,0.38,
3059,0.79,
3060,0.59,
3061,0.47,
3062,0.71,
3063,0.58,
3064,0.35,
3065,0.37,
3066,0.77,
3067,0.78,
3068,0.54,
3069,0.45,
3070,0.59,
3071,0.01,
3072,0.6,
3073,0.86,
3074,0.79,
3075,0.31,
3076,0.96,
3077,0.88,
3078,0.4,
3079,0.53,
3080,0.93,
3081,0.67,
3082,0.35,
3083,0.46,
3084,0.99,
3085,0.96,
3086,0.13,
3087,0.81,
3088,0.67,
3089,0.41,
3090,0.83,
3091,0.7,
3092,0.56,
3093,0.48,
3094,0.28,
3095,0.76,
3096,0.25,
3097,0.48,
3098,0.9,
3099,0.07,
3100,0.87,
3101,0.42,
3102,0.76,
3103,0.03,
3104,0.35,
3105,0.88,
3106,0.28,
3107,0.2,
3108,0.5,
3109,0.07,
3110,0.37,
3111,0.91,
3112,0.66,
3113,0.07,
3114,0.58,
3115,0.46,
3116,0.9,
3117,0.57,
3118,0.12,
3119,0.88,
3120,0.28,
3121,0.34,
3122,0.65,
3123,0.18,
3124,0.46,
3125,0.96,
3126,0.38,
3127,0.14,
3128,0.82,
3129,0.95,
3130,0.83,
3131,0.05,
3132,0.13,
3133,0.66,
3134,0.17,
3135,0.1,
3136,0.77,
3137,0.31,
3138,0.27,
3139,0.38,
3140,0.05,
3141,0.98,
3142,0.37,
3143,0.13,
3144,0.55,
3145,0.57,
3146,0.84,
3147,0.12,
3148,0.31,
3149,0.4,
3150,0.85,
3151,0.3,
3152,0.57,
3153,0.72,
3154,0.19,
3155,0.44,
3156,0.08,
3157,0.62,
3158,0.62,
3159,0.35,
3160,0.25,
3161,0.1,
3162,0.2,
3163,0.59,
3164,0.01,
3165,0.31,
3166,0.86,
3167,0.59,
3168,0.42,
3169,0.7,
3170,0.78,
3171,0.21,
3172,0.16,
3173,0.41,
3174,0.69,
3175,0.95,
3176,0.83,
3177,0.21,
3178,0.58,
3179,0.45,
3180,0.31,
3181,0.66,
3182,0.42,
3183,0.66,
3184,0.43,
3185,0.12,
3186,0.98,
3187,0.05,
3188,0.5,
3189,0.17,
3190,0.75,
3191,0.22,
3192,0.02,
3193,0.35,
3194,0.27,
3195,0.16,
3196,0.94,
3197,0.35,
3198,1.0,
3199,0.0,
3200,0.2,
3201,0.12,
3202,0.93,
3203,0.16,
3204,0.22,
3205,0.7,
3206,0.34,
3207,0.22,
3208,0.21,
3209,0.78,
3210,0.51,
3211,0.35,
3212,0.36,
3213,0.63,
3214,0.25,
3215,0.26,
3216,0.55,
3217,0.37,
3218,0.01,
3219,0.96,
3220,0.29,
3221,0.59,
3222,0.33,
3223,0.92,
3224,0.3,
3225,0.78,
3226,0.1,
3227,0.26,
3228,0.53,
3229,0.64,
3230,0.05,
3231,0.88,
3232,0.64,
3233,0.1,
3234,0.38,
3235,0.03,
3236,0.93,
3237,0.16,
3238,0.18,
3239,0.5,
3240,0.37,
3241,0.82,
3242,0.7,
3243,0.68,
3244,0.41,
3245,0.61,
3246,0.39,
3247,0.79,
3248,0.48,
3249,0.23,
3250,0.59,
3251,0.45,
3252,0.78,
3253,0.55,
3254,0.62,
3255,0.61,
3256,0.79,
3257,1.0,
3258,0.54,
3259,0.18,
3260,0.18,
3261,0.07,
3262,0.01,
3263,0.35,
3264,0.72,
3265,0.96,
3266,0.67,
3267,0.69,
3268,0.81,
3269,0.71,
3270,0.83,
3271,0.39,
3272,0.7,
3273,0.33,
3274,0.4,
3275,0.31,
3276,0.43,
3277,0.0,
3278,0.48,
3279,0.1,
3280,0.34,
3281,0.38,
3282,0.14,
3283,0.48,
3284,0.56,
3285,0.58,
3286,0.07,
3287,0.29,
3288,0.62,
3289,0.94,
3290,0.55,
3291,0.22,
3292,0.5,
3293,0.4,
3294,0.84,
3295,0.31,
3296,0.42,
3297,0.88,
3298,0.58,
3299,0.27,
3300,0.04,
3301,0.3,
3302,0.06,
3303,0.96,
3304,0.34,
3305,0.58,
3306,0.05,
3307,0.05,
3308,0.46,
3309,0.67,
3310,0.82,
3311,0.7,
3312,0.65,
3313,0.87,
3314,0.12,
3315,0.77,
3316,0.41,
3317,0.23,
3318,0.43,
3319,0.83,
3320,0.92,
3321,0.8,
3322,0.54,
3323,0.51,
3324,0.37,
3325,0.24,
3326,0.22,
3327,0.16,
3328,0.69,
3329,0.29,
3330,0.15,
3331,0.44,
3332,0.78,
3333,0.48,
3334,0.05,
3335,0.08,
3336,0.42,
3337,0.12,
3338,0.41,
3339,0.77,
3340,0.97,
3341,0.44,
3342,0.26,
3343,0.54,
3344,0.01,
3345,0.47,
3346,0.13,
3347,0.31,
3348,0.39,
3349,0.65,
3350,0.46,
3351,0.96,
3352,0.22,
3353,1.0,
3354,0.05,
3355,0.79,
3356,0.03,
3357,0.76,
3358,0.23,
3359,0.83,
3360,0.86,
3361,0.78,
3362,0.96,
3363,0.96,
3364,0.28,
3365,0.38,
3366,0.76,
3367,0.51,
3368,0.48,
3369,0.22,
3370,0.87,
3371,0.24,
3372,0.93,
3373,0.94,
3374,0.29,
3375,0.07,
3376,0.84,
3377,0.35,
3378,0.54,
3379,0.09,
3380,0.16,
3381,0.88,
3382,0.97,
3383,0.58,
3384,1.0,
3385,0.88,
3386,0.54,
3387,0.72,
3388,0.93,
3389,0.06,
3390,0.18,
3391,0.57,
3392,0.13,
3393,0.35,
3394,0.64,
3395,0.42,
3396,0.42,
3397,0.45,
3398,0.07,
3399,0.49,
3400,0.56,
3401,0.09,
3402,0.62,
3403,0.28,
3404,0.63,
3405,0.57,
3406,0.5,
3407,0.02,
3408,0.37,
3409,0.25,
3410,0.76,
3411,0.37,
3412,0.97,
3413,0.4,
3414,0.62,
3415,0.18,
3416,0.74,
3417,0.64,
3418,0.87,
3419,0.44,
3420,0.8,
3421,0.66,
3422,0.48,
3423,0.9,
3424,0.06,
3425,0.5,
3426,0.2,
3427,0.21,
3428,0.57,
3429,0.49,
3430,0.19,
3431,0.83,
3432,0.67,
3433,0.59,
3434,0.65,
3435,0.03,
3436,0.61,
3437,0.69,
3438,0.48,
3439,0.61,
3440,0.13,
3441,0.83,
3442,0.22,
3443,0.37,
3444,0.8,
3445,0.73,
3446,0.53,
3447,0.9,
3448,0.98,
3449,0.86,
3450,0.45,
3451,0.67,
3452,0.08,
3453,0.58,
3454,0.99,
3455,0.45,
3456,0.91,
3457,0.22,
3458,0.72,
3459,0.14,
3460,0.11,
3461,0.41,
3462,0.63,
3463,0.23,
3464,0.32,
3465,0.61,
3466,0.99,
3467,0.46,
3468,0.84,
3469,0.47,
3470,0.84,
3471,0.94,
3472,0.32,
3473,0.75,
3474,0.74,
3475,0.04,
3476,0.1,
3477,0.9,
3478,0.91,
3479,0.63,
3480,0.02,
3481,0.76,
3482,0.37,
3483,0.03,
3484,0.48,
3485,0.31,
3486,0.27,
3487,0.19,
3488,0.48,
3489,0.82,
3490,0.35,
3491,0.62,
3492,0.97,
3493,0.5,
3494,0.83,
3495,0.3,
3496,0.84,
3497,0.25,
3498,0.95,
3499,0.78,
3500,0.86,
3501,0.18,
3502,0.44,
3503,0.37,
3504,0.73,
3505,0.36,
3506,1.0,
3507,0.82,
3508,0.31,
3509,0.54,
3510,0.55,
3511,0.07,
3512,0.35,
3513,0.51,
3514,0.87,
3515,0.47,
3516,0.55,
3517,0.51,
3518,0.9,
3519,0.84,
3520,0.23,
3521,0.19,
3522,0.13,
3523,0.77,
3524,0.13,
3525,0.59,
3526,0.06,
3527,0.44,
3528,0.11,
3529,0.42,
3530,0.95,
3531,0.2,
3532,0.19,
3533,0.13,
3534,0.89,
3535,0.52,
3536,0.3,
3537,0.22,
3538,0.16,
3539,0.29,
3540,0.67,
3541,0.69,
3542,0.59,
3543,0.18,
3544,0.21,
3545,0.4,
3546,0.97,
3547,0.77,
3548,0.63,
3549,0.08,
3550,0.43,
3551,0.46,
3552,0.67,
3553,0.6,
3554,0.56,
3555,0.12,
3556,0.06,
3557,0.64,
3558,0.57,
3559,0.05,
3560,0.1,
3561,0.0,
3562,0.21,
3563,0.74,
3564,0.53,
3565,0.43,
3566,0.89,
3567,0.73,
3568,0.56,
3569,0.51,
3570,0.93,
3571,0.29,
3572,0.27,
3573,0.3,
3574,0.65,
3575,0.52,
3576,0.51,
3577,0.18,
3578,0.4,
3579,0.24,
3580,0.15,
3581,0.93,
3582,0.29,
3583,0.66,
3584,0.74,
3585,0.92,
3586,0.27,
3587,0.5,
3588,0.09,
3589,0.53,
3590,0.59,
3591,0.76,
3592,0.25,
3593,0.85,
3594,0.34,
3595,0.69,
3596,0.63,
3597,0.02,
3598,0.63,
3599,0.86,
3600,0.88,
3601,0.25,
3602,0.1,
3603,0.01,
3604,0.44,
3605,0.02,
3606,0.14,
3607,0.92,
3608,0.94,
3609,0.31,
3610,0.88,
3611,0.59,
3612,0.41,
3613,0.92,
3614,0.76,
3615,0.81,
3616,0.26,
3617,0.02,
3618,0.15,
3619,0.16,
3620,0.83,
3621,0.62,
3622,0.66,
3623,0.62,
3624,0.94,
3625,0.14,
3626,0.06,
3627,0.75,
3628,0.3,
3629,0.9,
3630,0.07,
3631,0.11,
3632,0.86,
3633,0.02,
3634,0.39,
3635,0.06,
3636,0.14,
3637,0.84,
3638,0.71,
3639,0.49,
3640,0.46,
3641,0.14,
3642,0.4,
3643,0.77,
3644,0.41,
3645,0.18,
3646,0.35,
3647,0.05,
3648,0.69,
3649,0.32,
3650,0.99,
3651,0.98,
3652,0.25,
3653,0.98,
3654,0.77,
3655,0.22,
3656,0.9,
3657,0.74,
3658,0.83,
3659,0.46,
3660,0.67,
3661,0.99,
3662,0.09,
3663,0.97,
3664,0.69,
3665,0.38,
3666,0.6,
3667,0.5,
3668,0.1,
3669,0.73,
3670,0.1,
3671,0.29,
3672,0.8,
3673,0.11,
3674,0.91,
3675,0.95,
3676,0.4,
3677,0.96,
3678,0.3,
3679,0.52,
3680,0.89,
3681,0.15,
3682,0.61,
3683,0.48,
3684,0.74,
3685,0.05,
3686,0.91,
3687,0.88,
3688,0.88,
3689,0.5,
3690,0.76,
3691,0.27,
3692,0.31,
3693,0.94,
3694,0.46,
3695,0.28,
3696,0.29,
3697,0.21,
3698,0.74,
3699,0.05,
3700,0.38,
3701,0.96,
3702,0.87,
3703,0.26,
3704,0.35,
3705,0.0,
3706,0.9,
3707,0.23,
3708,0.37,
3709,0.14,
3710,0.11,
3711,0.26,
3712,0.16,
3713,0.86,
3714,0.71,
3715,0.82,
3716,0.22,
3717,0.91,
3718,0.45,
3719,0.66,
3720,0.78,
3721,0.69,
3722,0.74,
3723,0.63,
3724,0.01,
3725,0.33,
3726,0.48,
3727,0.62,
3728,0.94,
3729,0.71,
3730,0.05,
3731,0.61,
3732,0.91,
3733,0.75,
3734,0.52,
3735,0.92,
3736,0.74,
3737,0.91,
3738,0.76,
3739,0.8,
3740,0.21,
3741,0.35,
3742,0.48,
3743,0.43,
3744,0.12,
3745,0.4,
3746,0.63,
3747,0.96,
3748,0.58,
3749,0.65,
3750,0.95,
3751,0.02,
3752,0.24,
3753,0.14,
3754,0.98,
3755,0.58,
3756,0.2,
3757,0.61,
3758,0.13,
3759,0.58,
3760,0.5,
3761,0.77,
3762,0.26,
3763,0.52,
3764,0.48,
3765,0.57,
3766,0.41,
3767,0.22,
3768,0.31,
3769,0.46,
3770,0.05,
3771,0.42,
3772,0.54,
3773,0.76,
3774,0.01,
3775,0.71,
3776,0.21,
3777,0.33,
3778,0.06,
3779,0.36,
3780,0.43,
3781,0.29,
3782,0.61,
3783,0.04,
3784,0.62,
3785,0.42,
3786,0.73,
3787,0.66,
3788,0.45,
3789,0.31,
3790,0.29,
3791,0.93,
3792,0.43,
3793,0.14,
3794,0.97,
3795,0.43,
3796,0.6,
3797,1.0,
3798,0.64,
3799,0.36,
3800,0.07,
3801,0.09,
3802,0.82,
3803,0.68,
3804,0.63,
3805,0.91,
3806,0.48,
3807,0.57,
3808,0.69,
3809,0.8,
3810,0.8,
3811,0.66,
3812,0.91,
3813,0.19,
3814,0.81,
3815,0.17,
3816,0.48,
3817,0.72,
3818,0.07,
3819,0.09,
3820,0.28,
3821,0.58,
3822,0.94,
3823,0.42,
3824,0.0,
3825,0.74,
3826,0.52,
3827,0.78,
3828,0.63,
3829,0.67,
3830,0.17,
3831,0.84,
3832,0.74,
3833,0.79,
3834,0.97,
3835,0.94,
3836,0.96,
3837,0.23,
3838,0.86,
3839,0.65,
3840,0.81,
3841,0.58,
3842,0.79,
3843,0.84,
3844,0.08,
3845,0.41,
3846,0.02,
3847,0.87,
3848,0.18,
3849,0.53,
3850,0.52,
3851,0.09,
3852,0.5,
3853,0.76,
3854,0.05,
3855,0.52,
3856,0.54,
3857,0.94,
3858,0.98,
3859,0.88,
3860,0.26,
3861,0.88,
3862,0.27,
3863,0.77,
3864,0.21,
3865,0.62,
3866,0.94,
3867,0.19,
3868,0.11,
3869,0.32,
3870,0.05,
3871,0.53,
3872,0.81,
3873,0.89,
3874,0.13,
3875,1.0,
3876,0.71,
3877,0.9,
3878,0.57,
3879,0.6,
3880,0.32,
3881,0.04,
3882,0.31,
3883,0.91,
3884,0.88,
3885,0.13,
3886,0.37,
3887,0.74,
3888,0.89,
3889,0.3,
3890,0.19,
3891,0.55,
3892,0.13,
3893,0.04,
3894,0.31,
3895,0.57,
3896,0.43,
3897,0.89,
3898,0.39,
3899,0.99,
3900,0.73,
3901,0.6,
3902,0.36,
3903,0.86,
3904,0.32,
3905,0.76,
3906,0.81,
3907,0.84,
3908,0.16,
3909,0.11,
3910,0.69,
3911,0.09,
3912,0.22,
3913,0.6,
3914,0.78,
3915,0.82,
3916,0.75,
3917,0.29,
3918,0.94,
3919,0.94,
3920,0.56,
3921,0.09,
3922,0.68,
3923,0.01,
3924,0.91,
3925,0.59,
3926,0.58,
3927,0.88,
3928,0.76,
3929,0.53,
3930,0.02,
3931,0.73,
3932,0.34,
3933,0.38,
3934,0.94,
3935,0.79,
3936,0.41,
3937,0.11,
3938,0.55,
3939,0.43,
3940,0.77,
3941,0.91,
3942,0.33,
3943,0.55,
3944,0.06,
3945,0.97,
3946,0.46,
3947,0.81,
3948,0.08,
3949,0.44,
3950,0.59,
3951,0.93,
3952,0.02,
3953,0.92,
3954,0.05,
3955,0.61,
3956,0.31,
3957,0.91,
3958,0.27,
3959,0.25,
3960,0.98,
3961,0.62,
3962,0.85,
3963,0.18,
3964,0.28,
3965,0.5,
3966,0.14,
3967,0.03,
3968,0.05,
3969,0.31,
3970,0.25,
3971,0.42,
3972,0.14,
3973,0.46,
3974,0.64,
3975,0.57,
3976,0.33,
3977,0.26,
3978,0.55,
3979,0.54,
3980,0.83,
3981,0.38,
3982,0.06,
3983,0.99,
3984,0.73,
3985,0.84,
3986,0.82,
3987,0.74,
3988,0.01,
3989,0.29,
3990,0.04,
3991,0.29,
3992,0.0,
3993,0.08,
3994,0.59,
3995,0.91,
3996,0.61,
3997,0.06,
3998,0.78,
3999,0.84,
4000,1.0,
4001,0.19,
4002,0.57,
4003,0.8,
4004,0.91,
4005,0.94,
4006,0.74,
4007,0.15,
4008,0.18,
4009,0.09,
4010,0.07,
4011,0.28,
4012,0.53,
4013,0.7,
4014,0.48,
4015,0.63,
4016,0.54,
4017,0.65,
4018,0.69,
4019,0.09,
4020,0.46,
4021,0.01,
4022,0.58,
4023,0.51,
4024,0.52,
4025,0.44,
4026,0.04,
4027,0.99,
4028,0.53,
4029,0.75,
4030,0.75,
4031,0.84,
4032,0.56,
4033,0.13,
4034,0.91,
4035,0.11,
4036,0.03,
4037,0.0,
4038,0.16,
4039,0.18,
4040,0.37,
4041,0.47,
4042,0.83,
4043,0.39,
4044,0.35,
4045,0.76,
4046,0.05,
4047,0.24,
4048,0.32,
4049,0.37,
4050,0.05,
4051,0.15,
4052,0.05,
4053,0.53,
4054,0.42,
4055,0.57,
4056,0.27,
4057,0.06,
4058,0.79,
4059,0.93,
4060,0.62,
4061,0.64,
4062,0.78,
4063,0.13,
4064,0.79,
4065,0.46,
4066,0.38,
4067,0.65,
4068,0.82,
4069,0.38,
4070,0.49,
4071,0.46,
4072,0.52,
4073,0.72,
4074,0.92,
4075,0.18,
4076,0.02,
4077,0.56,
4078,0.07,
4079,0.6,
4080,0.0,
4081,0.54,
4082,0.06,
4083,0.86,
4084,0.49,
4085,0.26,
4086,0.63,
4087,0.48,
4088,0.57,
4089,0.86,
4090,0.93,
4091,0.85,
4092,0.0,
4093,0.11,
4094,0.01,
4095,0.69,
4096,0.84,
4097,0.06,
4098,0.09,
4099,0.68,
4100,0.89,
4101,0.34,
4102,0.05,
4103,0.02,
4104,0.87,
4105,0.2,
4106,0.72,
4107,0.58,
4108,0.68,
4109,0.5,
4110,0.48,
4111,0.39,
4112,0.46,
4113,0.18,
4114,0.89,
4115,0.84,
4116,0.26,
4117,0.95,
4118,0.67,
4119,0.39,
4120,0.1,
4121,0.22,
4122,0.17,
4123,0.54,
4124,0.05,
4125,0.36,
4126,0.72,
4127,0.25,
4128,0.53,
4129,0.63,
4130,0.84,
4131,0.59,
4132,0.17,
4133,0.36,
4134,0.06,
4135,0.16,
4136,0.59,
4137,0.76,
4138,0.14,
4139,0.83,
4140,0.49,
4141,0.35,
4142,0.17,
4143,0.82,
4144,0.39,
4145,0.58,
4146,0.07,
4147,0.19,
4148,0.17,
4149,0.12,
4150,0.86,
4151,0.47,
4152,0.71,
4153,0.71,
4154,0.4,
4155,0.19,
4156,0.63,
4157,0.19,
4158,0.03,
4159,0.74,
4160,0.8,
4161,0.38,
4162,0.47,
4163,0.94,
4164,0.49,
4165,0.03,
4166,0.19,
4167,0.06,
4168,0.7,
4169,0.74,
4170,0.38,
4171,0.32,
4172,0.43,
4173,0.33,
4174,0.35,
4175,0.43,
4176,0.33,
4177,0.15,
4178,0.8,
4179,0.87,
4180,0.19,
4181,0.26,
4182,0.47,
4183,0.38,
4184,0.29,
4185,0.72,
4186,0.0,
4187,0.22,
4188,0.49,
4189,0.09,
4190,0.21,
4191,0.64,
4192,0.7,
4193,0.21,
4194,0.2,
4195,0.14,
4196,0.73,
4197,0.67,
4198,0.3,
4199,0.42,
4200,0.15,
4201,0.63,
4202,0.68,
4203,0.28,
4204,0.52,
4205,0.03,
4206,0.07,
4207,0.82,
4208,0.0,
4209,0.21,
4210,0.29,
4211,0.22,
4212,0.42,
4213,0.47,
4214,0.21,
4215,0.9,
4216,0.71,
4217,0.95,
4218,0.89,
4219,0.97,
4220,0.03,
4221,0.02,
4222,0.68,
4223,0.68,
4224,0.25,
4225,0.37,
4226,0.06,
4227,0.57,
4228,0.03,
4229,0.01,
4230,0.84,
4231,0.74,
4232,0.87,
4233,0.88,
4234,0.58,
4235,0.42,
4236,0.8,
4237,0.41,
4238,0.63,
4239,0.47,
4240,0.76,
4241,0.39,
4242,0.04,
4243,0.09,
4244,0.29,
4245,0.91,
4246,0.86,
4247,0.35,
4248,0.11,
4249,0.77,
4250,0.62,
4251,0.46,
4252,0.03,
4253,0.98,
4254,0.24,
4255,0.13,
4256,0.26,
4257,0.75,
4258,0.38,
4259,0.14,
4260,0.46,
4261,0.99,
4262,0.81,
4263,0.68,
4264,0.78,
4265,0.41,
4266,0.81,
4267,0.19,
4268,0.31,
4269,0.76,
4270,0.3,
4271,0.62,
4272,1.0,
4273,0.88,
4274,0.32,
4275,0.66,
4276,0.67,
4277,0.72,
4278,1.0,
4279,0.24,
4280,0.94,
4281,0.4,
4282,0.91,
4283,0.78,
4284,0.36,
4285,0.62,
4286,0.12,
4287,0.71,
4288,0.51,
4289,0.14,
4290,0.36,
4291,0.9,
4292,0.86,
4293,0.06,
4294,0.22,
4295,0.73,
4296,0.77,
4297,0.5,
4298,0.51,
4299,0.6,
4300,0.57,
4301,0.99,
4302,0.27,
4303,0.62,
4304,0.88,
4305,0.29,
4306,0.83,
4307,0.8,
4308,0.14,
4309,0.81,
4310,0.16,
4311,0.15,
4312,0.44,
4313,0.61,
4314,0.48,
4315,0.7,
4316,0.6,
4317,0.28,
4318,0.8,
4319,0.04,
4320,0.25,
4321,0.38,
4322,0.25,
4323,0.27,
4324,0.63,
4325,0.03,
4326,0.86,
4327,0.69,
4328,0.84,
4329,0.27,
4330,0.44,
4331,0.23,
4332,0.51,
4333,0.48,
4334,0.69,
4335,0.31,
4336,0.03,
4337,0.79,
4338,0.62,
4339,0.04,
4340,0.42,
4341,0.2,
4342,0.01,
4343,0.43,
4344,0.97,
4345,0.83,
4346,0.07,
4347,0.55,
4348,0.74,
4349,0.02,
4350,0.5,
4351,0.79,
4352,0.73,
4353,0.68,
4354,0.38,
4355,0.9,
4356,0.5,
4357,0.19,
4358,0.85,
4359,0.06,
4360,0.67,
4361,0.37,
4362,0.02,
4363,0.31,
4364,0.13,
4365,0.3,
4366,0.12,
4367,0.27,
4368,0.43,
4369,0.44,
4370,0.96,
4371,0.21,
4372,0.9,
4373,0.68,
4374,0.74,
4375,0.79,
4376,0.33,
4377,0.85,
4378,0.07,
4379,0.53,
4380,0.82,
4381,0.56,
4382,0.42,
4383,0.09,
4384,0.85,
4385,0.32,
4386,0.33,
4387,0.02,
4388,0.54,
4389,0.14,
4390,0.66,
4391,0.76,
4392,0.34,
4393,0.11,
4394,0.35,
4395,0.17,
4396,0.0,
4397,0.25,
4398,0.93,
4399,0.02,
4400,0.65,
4401,0.08,
4402,0.28,
4403,0.09,
4404,0.4,
4405,0.18,
4406,0.42,
4407,0.37,
4408,0.58,
4409,0.01,
4410,0.1,
4411,0.3,
4412,0.34,
4413,0.07,
4414,0.03,
4415,0.8,
4416,0.76,
4417,0.28,
4418,0.22,
4419,0.2,
4420,0.92,
4421,0.85,
4422,0.75,
4423,0.64,
4424,0.16,
4425,0.81,
4426,0.66,
4427,1.0,
4428,0.01,
4429,0.09,
4430,0.49,
4431,0.12,
4432,0.44,
4433,0.25,
4434,0.68,
4435,0.68,
4436,0.69,
4437,0.69,
4438,0.87,
4439,0.1,
4440,0.06,
4441,0.77,
4442,0.59,
4443,0.12,
4444,0.27,
4445,0.14,
4446,0.93,
4447,0.89,
4448,0.81,
4449,0.34,
4450,0.58,
4451,0.35,
4452,0.06,
4453,0.26,
4454,0.61,
4455,0.74,
4456,0.27,
4457,0.17,
4458,0.21,
4459,0.47,
4460,0.69,
4461,0.16,
4462,0.58,
4463,0.39,
4464,0.1,
4465,0.07,
4466,0.29,
4467,0.25,
4468,0.65,
4469,0.08,
4470,0.09,
4471,0.35,
4472,0.77,
4473,0.18,
4474,0.11,
4475,0.18,
4476,0.85,
4477,0.93,
4478,0.57,
4479,0.86,
4480,0.52,
4481,1.0,
4482,0.32,
4483,0.54,
4484,0.83,
4485,0.52,
4486,0.04,
4487,0.79,
4488,0.69,
4489,0.07,
4490,0.54,
4491,0.32,
4492,0.0,
4493,0.31,
4494,0.5,
4495,0.92,
4496,0.95,
4497,0.13,
4498,1.0,
4499,0.56,
4500,0.33,
4501,0.45,
4502,0.57,
4503,0.3,
4504,0.73,
4505,0.43,
4506,0.14,
4507,0.83,
4508,0.82,
4509,0.83,
4510,0.91,
4511,0.0,
4512,0.56,
4513,0.33,
4514,0.17,
4515,0.14,
4516,0.99,
4517,0.67,
4518,0.97,
4519,0.18,
4520,0.61,
4521,0.1,
4522,0.55,
4523,0.22,
4524,0.07,
4525,0.29,
4526,0.1,
4527,0.04,
4528,0.87,
4529,0.91,
4530,0.57,
4531,0.28,
4532,0.19,
4533,0.46,
4534,0.85,
4535,0.26,
4536,0.82,
4537,0.13,
4538,0.03,
4539,0.38,
4540,0.71,
4541,0.28,
4542,0.49,
4543,0.11,
4544,0.89,
4545,0.17,
4546,0.78,
4547,0.99,
4548,0.42,
4549,0.83,
4550,0.17,
4551,0.92,
4552,0.8,
4553,0.2,
4554,0.18,
4555,0.88,
4556,0.36,
4557,0.14,
4558,0.81,
4559,0.64,
4560,0.65,
4561,0.16,
4562,0.63,
4563,0.33,
4564,0.11,
4565,0.31,
4566,0.83,
4567,0.38,
4568,0.48,
4569,0.54,
4570,0.26,
4571,0.8,
4572,0.26,
4573,0.0,
4574,0.74,
4575,0.39,
4576,0.95,
4577,0.78,
4578,0.12,
4579,0.54,
4580,0.16,
4581,0.71,
4582,0.86,
4583,0.52,
4584,0.99,
4585,0.19,
4586,0.63,
4587,0.89,
4588,0.84,
4589,0.29,
4590,0.17,
4591,0.11,
4592,0.45,
4593,0.1,
4594,0.89,
4595,1.0,
4596,0.54,
4597,0.18,
4598,0.24,
4599,0.13,
4600,0.95,
4601,0.72,
4602,0.69,
4603,0.63,
4604,0.7,
4605,0.6,
4606,0.85,
4607,0.96,
4608,0.04,
4609,0.44,
4610,0.02,
4611,0.37,
4612,0.58,
4613,0.72,
4614,0.08,
4615,0.21,
4616,0.7,
4617,0.91,
4618,0.08,
4619,0.51,
4620,0.87,
4621,0.43,
4622,0.18,
4623,0.46,
4624,0.88,
4625,0.39,
4626,0.87,
4627,0.83,
4628,0.34,
4629,0.38,
4630,0.96,
4631,0.81,
4632,0.97,
4633,0.76,
4634,0.01,
4635,0.92,
4636,0.07,
4637,0.4,
4638,0.7,
4639,0.72,
4640,0.81,
4641,0.33,
4642,0.72,
4643,0.76,
4644,0.55,
4645,0.29,
4646,0.51,
4647,0.5,
4648,1.0,
4649,0.0,
4650,0.22,
4651,0.3,
4652,0.28,
4653,0.45,
4654,0.64,
4655,0.81,
4656,0.3,
4657,0.37,
4658,0.29,
4659,0.03,
4660,0.28,
4661,0.78,
4662,0.6,
4663,0.08,
4664,0.22,
4665,0.93,
4666,0.67,
4667,0.2,
4668,0.54,
4669,0.28,
4670,0.98,
4671,0.55,
4672,0.34,
4673,0.61,
4674,0.81,
4675,1.0,
4676,0.23,
4677,0.46,
4678,0.13,
4679,0.73,
4680,0.64,
4681,0.2,
4682,0.17,
4683,0.26,
4684,0.58,
4685,0.47,
4686,0.62,
4687,0.76,
4688,0.59,
4689,0.51,
4690,0.88,
4691,0.29,
4692,0.44,
4693,0.69,
4694,0.31,
4695,0.57,
4696,0.87,
4697,0.42,
4698,0.47,
4699,0.4,
4700,0.52,
4701,0.59,
4702,0.26,
4703,0.08,
4704,0.55,
4705,0.49,
4706,0.58,
4707,0.23,
4708,0.98,
4709,0.97,
4710,0.15,
4711,0.43,
4712,0.45,
4713,0.1,
4714,0.46,
4715,0.72,
4716,0.11,
4717,0.52,
4718,0.78,
4719,0.62,
4720,0.81,
4721,0.48,
4722,0.66,
4723,0.67,
4724,0.75,
4725,0.87,
4726,0.02,
4727,0.57,
4728,0.73,
4729,0.76,
4730,0.36,
4731,0.63,
4732,0.96,
4733,0.49,
4734,0.71,
4735,0.91,
4736,0.45,
4737,0.84,
4738,0.08,
4739,0.84,
4740,0.1,
4741,0.32,
4742,0.22,
4743,0.93,
4744,0.38,
4745,0.35,
4746,0.67,
4747,0.92,
4748,1.0,
4749,0.5,
4750,0.43,
4751,0.95,
4752,0.2,
4753,0.68,
4754,0.93,
4755,0.07,
4756,0.22,
4757,0.34,
4758,0.13,
4759,0.47,
4760,0.44,
4761,0.69,
4762,0.06,
4763,0.81,
4764,0.05,
4765,0.3,
4766,0.29,
4767,0.37,
4768,0.97,
4769,0.82,
4770,0.59,
4771,0.54,
4772,0.5,
4773,0.84,
4774,0.18,
4775,0.15,
4776,0.43,
4777,0.54,
4778,0.15,
4779,0.56,
4780,0.58,
4781,0.38,
4782,0.16,
4783,0.16,
4784,0.77,
4785,0.56,
4786,0.42,
4787,0.0,
4788,0.72,
4789,0.25,
4790,0.31,
4791,0.46,
4792,0.8,
4793,0.26,
4794,0.84,
4795,0.46,
4796,0.72,
4797,0.97,
4798,0.0,
4799,0.31,
4800,0.76,
4801,0.08,
4802,0.69,
4803,0.09,
4804,0.21,
4805,0.54,
4806,0.24,
4807,0.31,
4808,0.01,
4809,0.04,
4810,0.61,
4811,0.23,
4812,0.04,
4813,0.64,
4814,0.68,
4815,0.14,
4816,0.87,
4817,0.3,
4818,0.38,
4819,0.32,
4820,0.02,
4821,0.9,
4822,0.41,
4823,0.25,
4824,0.2,
4825,0.04,
4826,0.26,
4827,0.54,
4828,0.75,
4829,0.27,
4830,0.16,
4831,0.78,
4832,0.52,
4833,0.33,
4834,0.85,
4835,0.67,
4836,0.89,
4837,0.42,
4838,0.34,
4839,0.26,
4840,0.11,
4841,0.92,
4842,0.35,
4843,0.62,
4844,0.86,
4845,0.38,
4846,0.34,
4847,0.17,
4848,0.87,
4849,0.56,
4850,0.76,
4851,0.03,
4852,0.93,
4853,0.63,
4854,0.87,
4855,0.38,
4856,0.63,
4857,0.26,
4858,0.96,
4859,0.2,
4860,0.29,
4861,0.64,
4862,0.59,
4863,0.06,
4864,0.8,
4865,0.05,
4866,0.97,
4867,0.78,
4868,0.9,
4869,0.76,
4870,0.51,
4871,0.82,
4872,0.91,
4873,0.56,
4874,0.26,
4875,0.96,
4876,0.22,
4877,0.7,
4878,0.72,
4879,0.84,
4880,0.05,
4881,0.4,
4882,0.16,
4883,0.2,
4884,0.19,
4885,0.3,
4886,0.87,
4887,0.92,
4888,0.29,
4889,0.25,
4890,0.62,
4891,0.56,
4892,0.29,
4893,0.53,
4894,0.37,
4895,0.35,
4896,0.45,
4897,0.88,
4898,0.92,
4899,0.87,
4900,0.42,
4901,0.04,
4902,0.15,
4903,0.03,
4904,0.09,
4905,0.62,
4906,0.05,
4907,0.49,
4908,0.97,
4909,0.55,
4910,0.34,
4911,0.42,
4912,0.37,
4913,0.47,
4914,0.29,
4915,0.79,
4916,0.18,
4917,0.14,
4918,0.51,
4919,0.57,
4920,0.24,
4921,0.67,
4922,0.96,
4923,0.77,
4924,0.15,
4925,0.24,
4926,0.97,
4927,0.72,
4928,0.51,
4929,0.65,
4930,0.32,
4931,0.8,
4932,0.34,
4933,0.49,
4934,0.18,
4935,0.03,
4936,0.6,
4937,0.68,
4938,0.94,
4939,0.84,
4940,0.0,
4941,0.38,
4942,0.2,
4943,0.66,
4944,0.18,
4945,0.17,
4946,0.01,
4947,0.07,
4948,0.18,
4949,0.95,
4950,0.21,
4951,0.64,
4952,0.31,
4953,0.38,
4954,0.65,
4955,0.3,
4956,0.42,
4957,0.02,
4958,0.86,
4959,0.14,
4960,0.14,
4961,0.19,
4962,0.6,
4963,0.11,
4964,0.3,
4965,0.8,
4966,0.28,
4967,0.98,
4968,0.87,
4969,0.25,
4970,0.67,
4971,0.83,
4972,0.81,
4973,0.3,
4974,0.17,
4975,0.94,
4976,0.46,
4977,0.53,
4978,0.42,
4979,0.1,
4980,0.08,
4981,0.63,
4982,0.11,
4983,0.91,
4984,0.11,
4985,0.79,
4986,0.03,
4987,0.75,
4988,0.97,
4989,0.39,
4990,0.28,
4991,0.31,
4992,0.86,
4993,0.29,
4994,0.73,
4995,0.75,
4996,0.15,
4997,0.29,
4998,0.33,
4999,0.56,
5000,0.24,
5001,0.54,
5002,0.52,
5003,0.24,
5004,0.8,
5005,0.83,
5006,0.08,
5007,0.97,
5008,0.68,
5009,0.15,
5010,0.37,
5011,0.62,
5012,0.8,
5013,0.6,
5014,0.59,
5015,0.32,
5016,0.57,
5017,0.04,
5018,0.51,
5019,0.5,
5020,0.25,
5021,0.56,
5022,0.01,
5023,0.13,
5024,0.02,
5025,0.63,
5026,0.6,
5027,0.13,
5028,0.94,
5029,0.29,
5030,0.89,
5031,0.39,
5032,0.28,
5033,0.98,
5034,0.69,
5035,0.97,
5036,0.03,
5037,0.27,
5038,1.0,
5039,0.85,
5040,0.6,
5041,0.3,
5042,0.45,
5043,0.26,
5044,0.04,
5045,0.97,
5046,0.19,
5047,0.92,
5048,0.25,
5049,0.28,
5050,0.43,
5051,0.29,
5052,0.32,
5053,0.62,
5054,0.88,
5055,0.71,
5056,0.39,
5057,0.53,
5058,0.25,
5059,0.59,
5060,0.46,
5061,0.78,
5062,0.34,
5063,0.75,
5064,0.15,
5065,0.58,
5066,0.0,
5067,0.35,
5068,0.36,
5069,0.3,
5070,0.64,
5071,0.05,
5072,0.38,
5073,0.44,
5074,0.35,
5075,0.9,
5076,0.88,
5077,0.48,
5078,0.23,
5079,0.0,
5080,0.73,
5081,0.75,
5082,0.2,
5083,0.8,
5084,0.31,
5085,0.1,
5086,0.02,
5087,0.78,
5088,1.0,
5089,0.0,
5090,0.57,
5091,0.74,
5092,0.5,
5093,0.3,
5094,1.0,
5095,0.7,
5096,0.05,
5097,0.57,
5098,0.96,
5099,0.4,
5100,0.55,
5101,0.28,
5102,0.88,
5103,0.18,
5104,0.12,
5105,0.91,
5106,0.6,
5107,0.49,
5108,0.87,
5109,0.24,
5110,0.22,
5111,0.56,
5112,0.79,
5113,0.44,
5114,0.26,
5115,0.76,
5116,0.04,
5117,0.88,
5118,0.34,
5119,0.34,
5120,0.76,
5121,0.66,
5122,0.77,
5123,0.61,
5124,0.96,
5125,0.09,
5126,0.54,
5127,0.96,
5128,0.56,
5129,0.72,
5130,0.82,
5131,0.62,
5132,0.74,
5133,0.7,
5134,0.08,
5135,0.11,
5136,0.4,
5137,0.94,
5138,0.6,
5139,0.62,
5140,0.22,
5141,0.44,
5142,0.41,
5143,0.71,
5144,0.42,
5145,0.26,
5146,0.21,
5147,0.33,
5148,0.87,
5149,0.42,
5150,0.02,
5151,0.95,
5152,0.4,
5153,0.02,
5154,0.06,
5155,0.36,
5156,0.49,
5157,0.23,
5158,0.0,
5159,0.1,
5160,0.43,
5161,0.37,
5162,0.24,
5163,0.2,
5164,0.47,
5165,0.85,
5166,0.76,
5167,0.42,
5168,0.04,
5169,0.67,
5170,0.96,
5171,0.31,
5172,0.88,
5173,0.76,
5174,0.03,
5175,0.37,
5176,0.46,
5177,0.93,
5178,0.82,
5179,0.29,
5180,0.37,
5181,0.97,
5182,0.18,
5183,0.9,
5184,0.31,
5185,0.23,
5186,0.08,
5187,0.27,
5188,0.09,
5189,0.0,
5190,0.46,
5191,0.19,
5192,0.64,
5193,0.99,
5194,0.43,
5195,0.69,
5196,0.32,
5197,0.63,
5198,0.32,
5199,0.93,
5200,0.72,
5201,0.95,
5202,0.18,
5203,0.78,
5204,0.48,
5205,0.29,
5206,0.82,
5207,0.56,
5208,0.15,
5209,0.57,
5210,0.13,
5211,0.17,
5212,0.89,
5213,0.82,
5214,0.58,
5215,0.97,
5216,0.04,
5217,0.94,
5218,0.27,
5219,0.45,
5220,0.73,
5221,0.58,
5222,0.41,
5223,0.08,
5224,0.17,
5225,0.35,
5226,0.77,
5227,0.55,
5228,0.41,
5229,0.61,
5230,0.26,
5231,0.49,
5232,0.41,
5233,0.15,
5234,0.87,
5235,0.38,
5236,0.96,
5237,0.56,
5238,0.81,
5239,0.58,
5240,0.04,
5241,0.08,
5242,0.31,
5243,0.41,
5244,0.26,
5245,0.16,
5246,0.26,
5247,0.99,
5248,0.95,
5249,0.02,
5250,0.81,
5251,0.51,
5252,0.23,
5253,0.76,
5254,0.86,
5255,0.23,
5256,0.02,
5257,0.91,
5258,0.21,
5259,0.67,
5260,0.46,
5261,0.6,
5262,0.06,
5263,0.24,
5264,0.16,
5265,0.77,
5266,0.33,
5267,0.54,
5268,0.89,
5269,0.44,
5270,0.44,
5271,0.26,
5272,0.6,
5273,0.59,
5274,0.29,
5275,0.52,
5276,0.52,
5277,0.74,
5278,0.19,
5279,0.21,
5280,0.76,
5281,0.68,
5282,0.51,
5283,0.55,
5284,0.03,
5285,0.17,
5286,0.42,
5287,0.19,
5288,0.15,
5289,0.2,
5290,0.28,
5291,0.36,
5292,0.95,
5293,0.27,
5294,0.05,
5295,0.88,
5296,0.96,
5297,0.26,
5298,0.21,
5299,0.91,
5300,0.0,
5301,0.68,
5302,0.84,
5303,0.79,
5304,0.62,
5305,0.28,
5306,0.15,
5307,0.13,
5308,0.67,
5309,0.1,
5310,0.17,
5311,0.54,
5312,0.71,
5313,0.29,
5314,0.96,
5315,0.16,
5316,0.97,
5317,0.31,
5318,0.58,
5319,0.22,
5320,0.48,
5321,0.61,
5322,0.11,
5323,0.03,
5324,0.31,
5325,0.18,
5326,0.13,
5327,0.48,
5328,0.48,
5329,0.8,
5330,0.14,
5331,0.17,
5332,0.73,
5333,0.24,
5334,0.19,
5335,0.68,
5336,0.3,
5337,0.24,
5338,0.31,
5339,0.2,
5340,0.44,
5341,0.51,
5342,0.42,
5343,0.31,
5344,0.56,
5345,0.89,
5346,0.7,
5347,0.75,
5348,0.25,
5349,0.05,
5350,0.26,
5351,0.98,
5352,0.35,
5353,0.03,
5354,0.98,
5355,0.45,
5356,0.36,
5357,0.23,
5358,0.4,
5359,0.78,
5360,0.01,
5361,0.34,
5362,0.88,
5363,0.17,
5364,0.92,
5365,0.97,
5366,0.7,
5367,0.38,
5368,1.0,
5369,0.51,
5370,0.96,
5371,0.92,
5372,0.85,
5373,0.37,
5374,0.73,
5375,0.9,
5376,0.95,
5377,0.63,
5378,0.61,
5379,1.0,
5380,0.14,
5381,0.98,
5382,0.81,
5383,1.0,
5384,0.66,
5385,0.37,
5386,0.75,
5387,0.4,
5388,0.38,
5389,0.01,
5390,0.96,
5391,0.03,
5392,0.63,
5393,0.7,
5394,0.85,
5395,1.0,
5396,0.32,
5397,0.77,
5398,0.04,
5399,0.6,
5400,0.33,
5401,0.92,
5402,0.99,
5403,0.18,
5404,0.23,
5405,0.7,
5406,0.64,
5407,0.19,
5408,0.5,
5409,0.71,
5410,0.46,
5411,0.39,
5412,0.78,
5413,0.02,
5414,0.92,
5415,0.89,
5416,0.09,
5417,0.93,
5418,0.05,
5419,0.54,
5420,0.8,
5421,0.06,
5422,0.67,
5423,0.62,
5424,0.31,
5425,0.21,
5426,0.13,
5427,0.35,
5428,0.33,
5429,0.38,
5430,0.7,
5431,0.13,
5432,0.19,
5433,0.04,
5434,0.94,
5435,0.46,
5436,0.9,
5437,0.41,
5438,0.25,
5439,0.72,
5440,0.28,
5441,0.49,
5442,0.36,
5443,0.75,
5444,0.92,
5445,0.41,
5446,0.11,
5447,0.82,
5448,0.54,
5449,0.2,
5450,0.02,
5451,0.07,
5452,0.48,
5453,0.18,
5454,0.65,
5455,0.27,
5456,0.33,
5457,0.58,
5458,0.01,
5459,0.63,
5460,0.07,
5461,0.43,
5462,0.78,
5463,0.04,
5464,0.76,
5465,0.89,
5466,0.8,
5467,0.21,
5468,0.78,
5469,0.1,
5470,0.4,
5471,0.76,
5472,0.26,
5473,0.62,
5474,0.91,
5475,0.7,
5476,0.28,
5477,0.71,
5478,0.59,
5479,0.5,
5480,0.99,
5481,0.86,
5482,0.77,
5483,0.83,
5484,0.6,
5485,0.35,
5486,0.3,
5487,0.33,
5488,0.44,
5489,0.91,
5490,0.32,
5491,0.14,
5492,0.14,
5493,0.87,
5494,0.64,
5495,0.14,
5496,0.72,
5497,0.13,
5498,0.86,
5499,0.53,
5500,0.34,
5501,0.32,
5502,0.47,
5503,0.66,
5504,0.67,
5505,0.64,
5506,0.35,
5507,0.85,
5508,0.54,
5509,0.92,
5510,0.46,
5511,0.9,
5512,0.25,
5513,0.78,
5514,0.89,
5515,0.59,
5516,1.0,
5517,0.92,
5518,0.59,
5519,0.39,
5520,0.53,
5521,0.36,
5522,0.16,
5523,0.53,
5524,0.1,
5525,0.29,
5526,0.34,
5527,0.55,
5528,0.66,
5529,0.07,
5530,0.27,
5531,0.52,
5532,0.47,
5533,0.66,
5534,0.33,
5535,0.65,
5536,0.22,
5537,0.35,
5538,0.67,
5539,0.9,
5540,0.48,
5541,1.0,
5542,0.38,
5543,0.14,
5544,0.67,
5545,0.43,
5546,0.62,
5547,0.01,
5548,0.03,
5549,0.32,
5550,0.98,
5551,0.64,
5552,0.61,
5553,0.36,
5554,0.52,
5555,0.69,
5556,0.08,
5557,0.38,
5558,0.02,
5559,0.69,
5560,0.38,
5561,0.88,
5562,0.04,
5563,0.06,
5564,0.55,
5565,0.87,
5566,0.25,
5567,0.17,
5568,0.67,
5569,0.5,
5570,0.99,
5571,0.02,
5572,0.34,
5573,0.17,
5574,0.18,
5575,0.61,
5576,0.72,
5577,0.25,
5578,0.33,
5579,0.96,
5580,0.51,
5581,0.14,
5582,0.6,
5583,0.39,
5584,0.54,
5585,0.68,
5586,0.19,
5587,0.25,
5588,0.37,
5589,0.77,
5590,0.57,
5591,0.12,
5592,0.48,
5593,0.03,
5594,0.57,
5595,0.71,
5596,0.39,
5597,0.38,
5598,0.74,
5599,0.11,
5600,0.17,
5601,0.22,
5602,0.94,
5603,0.75,
5604,0.53,
5605,0.84,
5606,0.62,
5607,0.98,
5608,0.24,
5609,0.55,
5610,0.12,
5611,0.27,
5612,0.83,
5613,0.76,
5614,0.48,
5615,0.75,
5616,0.67,
5617,0.82,
5618,0.64,
5619,0.82,
5620,0.55,
5621,0.42,
5622,0.61,
5623,0.48,
5624,0.35,
5625,0.96,
5626,0.9,
5627,0.7,
5628,0.45,
5629,0.59,
5630,0.13,
5631,0.23,
5632,0.92,
5633,0.48,
5634,0.79,
5635,0.99,
5636,0.61,
5637,0.22,
5638,0.79,
5639,0.95,
5640,0.12,
5641,0.13,
5642,0.34,
5643,0.95,
5644,0.22,
5645,0.62,
5646,0.45,
5647,0.33,
5648,0.62,
5649,0.11,
5650,0.33,
5651,0.38,
5652,1.0,
5653,0.24,
5654,0.21,
5655,0.23,
5656,0.06,
5657,0.54,
5658,0.74,
5659,0.87,
5660,0.54,
5661,0.32,
5662,0.16,
5663,0.53,
5664,0.76,
5665,0.76,
5666,0.39,
5667,0.76,
5668,0.14,
5669,0.0,
5670,0.53,
5671,0.61,
5672,1.0,
5673,0.79,
5674,0.9,
5675,0.78,
5676,0.12,
5677,0.38,
5678,0.9,
5679,0.19,
5680,0.53,
5681,0.25,
5682,0.89,
5683,0.95,
5684,0.98,
5685,0.15,
5686,0.19,
5687,0.28,
5688,0.81,
5689,0.51,
5690,0.87,
5691,0.79,
5692,0.81,
5693,0.91,
5694,0.09,
5695,0.0,
5696,0.99,
5697,0.52,
5698,0.6,
5699,0.65,
5700,0.98,
5701,0.65,
5702,0.31,
5703,0.61,
5704,0.7,
5705,0.92,
5706,0.83,
5707,1.0,
5708,1.0,
5709,0.55,
5710,0.99,
5711,0.49,
5712,0.96,
5713,0.29,
5714,0.47,
5715,0.02,
5716,0.54,
5717,0.88,
5718,0.35,
5719,1.0,
5720,0.78,
5721,0.45,
5722,0.04,
5723,0.59,
5724,0.2,
5725,0.72,
5726,0.0,
5727,0.35,
5728,0.5,
5729,0.91,
5730,0.4,
5731,0.04,
5732,0.11,
5733,0.75,
5734,0.86,
5735,0.56,
5736,0.84,
5737,0.39,
5738,0.7,
5739,0.39,
5740,0.13,
5741,0.11,
5742,0.1,
5743,0.47,
5744,0.85,
5745,0.82,
5746,0.7,
5747,0.38,
5748,0.39,
5749,0.07,
5750,0.16,
5751,0.27,
5752,0.07,
5753,0.66,
5754,0.93,
5755,0.5,
5756,0.41,
5757,0.25,
5758,0.23,
5759,0.71,
5760,0.75,
5761,0.43,
5762,0.13,
5763,0.83,
5764,0.86,
5765,0.66,
5766,0.9,
5767,0.79,
5768,0.56,
5769,0.59,
5770,0.08,
5771,0.69,
5772,0.68,
5773,0.26,
5774,0.12,
5775,0.49,
5776,0.75,
5777,0.96,
5778,0.61,
5779,0.29,
5780,0.51,
5781,0.0,
5782,0.53,
5783,0.63,
5784,0.39,
5785,0.86,
5786,0.96,
5787,0.66,
5788,0.37,
5789,0.81,
5790,0.83,
5791,0.92,
5792,0.1,
5793,0.86,
5794,0.48,
5795,0.24,
5796,0.14,
5797,0.77,
5798,0.38,
5799,0.94,
5800,0.65,
5801,0.92,
5802,0.57,
5803,0.84,
5804,0.45,
5805,0.81,
5806,0.6,
5807,0.0,
5808,0.25,
5809,0.88,
5810,0.05,
5811,0.66,
5812,0.05,
5813,0.64,
5814,0.68,
5815,0.99,
5816,0.71,
5817,0.1,
5818,0.47,
5819,0.99,
5820,0.44,
5821,0.1,
5822,0.46,
5823,0.56,
5824,0.26,
5825,0.94,
5826,0.25,
5827,0.53,
5828,0.91,
5829,0.44,
5830,0.27,
5831,0.79,
5832,0.01,
5833,0.97,
5834,0.02,
5835,0.04,
5836,0.46,
5837,0.92,
5838,0.95,
5839,0.9,
5840,0.63,
5841,0.58,
5842,0.35,
5843,0.8,
5844,0.93,
5845,1.0,
5846,0.79,
5847,0.83,
5848,0.1,
5849,0.33,
5850,0.53,
5851,0.34,
5852,0.52,
5853,0.17,
5854,1.0,
5855,0.61,
5856,0.19,
5857,0.95,
5858,0.98,
5859,0.3,
5860,0.46,
5861,0.94,
5862,0.8,
5863,0.2,
5864,0.31,
5865,0.49,
5866,0.67,
5867,0.74,
5868,0.05,
5869,0.49,
5870,0.14,
5871,0.48,
5872,0.54,
5873,0.94,
5874,1.0,
5875,0.45,
5876,0.5,
5877,0.68,
5878,0.49,
5879,0.28,
5880,0.33,
5881,0.93,
5882,0.07,
5883,0.58,
5884,0.43,
5885,0.03,
5886,0.53,
5887,0.68,
5888,0.8,
5889,0.37,
5890,0.01,
5891,0.24,
5892,0.81,
5893,0.73,
5894,0.33,
5895,0.34,
5896,0.91,
5897,0.24,
5898,0.02,
5899,0.02,
5900,0.65,
5901,0.17,
5902,0.63,
5903,0.97,
5904,0.83,
5905,0.32,
5906,1.0,
5907,0.36,
5908,0.47,
5909,0.7,
5910,0.94,
5911,0.59,
5912,0.03,
5913,0.23,
5914,0.49,
5915,0.33,
5916,0.86,
5917,0.49,
5918,0.95,
5919,0.17,
5920,0.69,
5921,0.42,
5922,0.29,
5923,0.62,
5924,0.4,
5925,0.79,
5926,0.26,
5927,0.84,
5928,0.26,
5929,0.36,
5930,0.94,
5931,0.32,
5932,0.85,
5933,0.82,
5934,0.59,
5935,0.36,
5936,0.69,
5937,0.04,
5938,0.21,
5939,0.21,
5940,0.97,
5941,0.53,
5942,0.75,
5943,0.21,
5944,0.47,
5945,0.8,
5946,0.37,
5947,0.99,
5948,0.86,
5949,0.86,
5950,0.8,
5951,0.67,
5952,0.34,
5953,0.11,
5954,0.55,
5955,0.94,
5956,0.6,
5957,0.49,
5958,0.43,
5959,0.65,
5960,0.31,
5961,0.21,
5962,0.64,
5963,0.7,
5964,0.25,
5965,0.99,
5966,0.73,
5967,0.17,
5968,0.82,
5969,0.21,
5970,0.35,
5971,0.01,
5972,0.85,
5973,0.1,
5974,0.95,
5975,0.2,
5976,0.37,
5977,0.84,
5978,0.13,
5979,0.76,
5980,0.48,
5981,0.39,
5982,0.08,
5983,0.38,
5984,0.58,
5985,0.17,
5986,0.76,
5987,0.31,
5988,0.94,
5989,0.63,
5990,0.9,
5991,0.29,
5992,0.61,
5993,0.04,
5994,0.56,
5995,0.59,
5996,0.44,
5997,0.19,
5998,0.48,
5999,0.51,
6000,0.0,
6001,0.42,
6002,0.52,
6003,0.4,
6004,0.81,
6005,0.76,
6006,0.27,
6007,0.26,
6008,0.27,
6009,0.8,
6010,0.44,
6011,0.72,
6012,0.43,
6013,0.11,
6014,0.86,
6015,0.27,
6016,0.47,
6017,0.15,
6018,0.1,
6019,0.88,
6020,0.86,
6021,0.96,
6022,0.22,
6023,0.8,
6024,0.59,
6025,0.65,
6026,0.83,
6027,0.41,
6028,0.69,
6029,0.16,
6030,0.2,
6031,0.74,
6032,0.0,
6033,0.8,
6034,0.17,
6035,0.85,
6036,0.47,
6037,0.48,
6038,0.27,
6039,0.14,
6040,0.16,
6041,0.54,
6042,0.42,
6043,0.93,
6044,0.69,
6045,0.78,
6046,0.34,
6047,0.43,
6048,0.6,
6049,0.67,
6050,0.47,
6051,0.58,
6052,0.56,
6053,0.66,
6054,0.48,
6055,0.1,
6056,0.11,
6057,0.55,
6058,0.42,
6059,0.17,
6060,0.38,
6061,0.06,
6062,1.0,
6063,0.26,
6064,0.14,
6065,0.65,
6066,0.56,
6067,0.22,
6068,0.42,
6069,0.04,
6070,0.37,
6071,0.3,
6072,0.07,
6073,0.59,
6074,0.04,
6075,0.17,
6076,0.1,
6077,0.21,
6078,0.32,
6079,1.0,
6080,0.44,
6081,0.83,
6082,0.16,
6083,0.93,
6084,0.12,
6085,0.0,
6086,0.86,
6087,0.79,
6088,0.18,
6089,0.7,
6090,0.17,
6091,0.7,
6092,0.11,
6093,0.24,
6094,0.27,
6095,0.22,
6096,0.7,
6097,0.57,
6098,0.77,
6099,0.07,
6100,0.19,
6101,0.86,
6102,0.36,
6103,0.31,
6104,0.6,
6105,0.64,
6106,0.6,
6107,0.02,
6108,0.98,
6109,0.07,
6110,0.9,
6111,0.79,
6112,0.19,
6113,0.15,
6114,0.99,
6115,0.83,
6116,0.33,
6117,0.15,
6118,0.5,
6119,0.46,
6120,0.6,
6121,0.51,
6122,0.48,
6123,0.02,
6124,0.1,
6125,0.69,
6126,0.86,
6127,0.0,
6128,0.24,
6129,0.64,
6130,0.02,
6131,0.82,
6132,0.95,
6133,0.35,
6134,0.97,
6135,0.12,
6136,0.89,
6137,0.13,
6138,0.54,
6139,0.33,
6140,0.43,
6141,0.14,
6142,0.46,
6143,0.94,
6144,0.62,
6145,0.45,
6146,0.14,
6147,0.0,
6148,0.13,
6149,0.08,
6150,0.12,
6151,0.55,
6152,0.5,
6153,0.83,
6154,0.44,
6155,0.03,
6156,0.95,
6157,0.21,
6158,0.15,
6159,0.7,
6160,0.55,
6161,0.25,
6162,0.52,
6163,0.3,
6164,0.33,
6165,0.82,
6166,0.84,
6167,0.32,
6168,0.26,
6169,0.23,
6170,0.51,
6171,0.13,
6172,0.13,
6173,0.51,
6174,0.31,
6175,0.3,
6176,0.0,
6177,0.26,
6178,0.09,
6179,0.16,
6180,0.26,
6181,0.94,
6182,0.78,
6183,0.54,
6184,0.02,
6185,0.67,
6186,0.36,
6187,0.89,
6188,0.42,
6189,0.9,
6190,0.29,
6191,0.6,
6192,0.5,
6193,0.31,
6194,0.76,
6195,0.77,
6196,0.39,
6197,0.03,
6198,0.06,
6199,0.82,
6200,0.94,
6201,0.11,
6202,0.5,
6203,0.65,
6204,0.34,
6205,0.72,
6206,0.1,
6207,0.03,
6208,0.5,
6209,0.55,
6210,0.48,
6211,0.37,
6212,0.35,
6213,0.1,
6214,0.99,
6215,0.38,
6216,0.0,
6217,0.24,
6218,0.18,
6219,0.02,
6220,0.86,
6221,0.99,
6222,0.22,
6223,0.7,
6224,0.54,
6225,0.47,
6226,0.11,
6227,0.27,
6228,0.22,
6229,0.95,
6230,0.88,
6231,0.0,
6232,0.54,
6233,0.98,
6234,0.86,
6235,0.78,
6236,0.12,
6237,0.82,
6238,0.02,
6239,0.08,
6240,0.06,
6241,0.88,
6242,0.28,
6243,0.93,
6244,0.62,
6245,0.52,
6246,0.55,
6247,0.24,
6248,0.28,
6249,0.72,
6250,0.66,
6251,0.67,
6252,0.57,
6253,1.0,
6254,0.96,
6255,0.44,
6256,0.44,
6257,0.68,
6258,0.61,
6259,0.83,
6260,0.79,
6261,0.78,
6262,0.02,
6263,0.8,
6264,0.83,
6265,0.49,
6266,0.35,
6267,0.49,
6268,0.99,
6269,0.52,
6270,0.56,
6271,0.48,
6272,0.16,
6273,0.52,
6274,0.95,
6275,0.76,
6276,0.57,
6277,0.81,
6278,0.33,
6279,0.21,
6280,0.81,
6281,0.21,
6282,0.94,
6283,0.62,
6284,0.25,
6285,0.96,
6286,0.72,
6287,0.85,
6288,0.85,
6289,0.59,
6290,0.66,
6291,0.58,
6292,0.55,
6293,0.03,
6294,0.12,
6295,0.48,
6296,0.34,
6297,0.17,
6298,0.92,
6299,0.24,
6300,0.83,
6301,0.12,
6302,0.09,
6303,0.23,
6304,0.5,
6305,0.43,
6306,1.0,
6307,0.96,
6308,0.38,
6309,0.57,
6310,0.69,
6311,0.37,
6312,0.59,
6313,0.81,
6314,0.24,
6315,0.89,
6316,0.44,
6317,0.97,
6318,0.19,
6319,1.0,
6320,0.3,
6321,0.17,
6322,0.46,
6323,0.19,
6324,0.68,
6325,0.38,
6326,0.3,
6327,0.84,
6328,0.87,
6329,0.13,
6330,0.74,
6331,0.23,
6332,0.19,
6333,0.5,
6334,0.59,
6335,0.11,
6336,0.56,
6337,0.96,
6338,0.42,
6339,0.3,
6340,0.93,
6341,0.92,
6342,0.69,
6343,0.76,
6344,0.5,
6345,0.78,
6346,0.23,
6347,0.5,
6348,0.63,
6349,0.83,
6350,0.94,
6351,0.33,
6352,0.26,
6353,0.29,
6354,0.82,
6355,0.86,
6356,0.38,
6357,0.68,
6358,0.86,
6359,0.02,
6360,0.17,
6361,0.74,
6362,0.31,
6363,0.11,
6364,0.97,
6365,0.83,
6366,0.25,
6367,0.64,
6368,0.31,
6369,0.4,
6370,0.11,
6371,0.63,
6372,0.14,
6373,0.37,
6374,0.27,
6375,0.98,
6376,0.21,
6377,0.45,
6378,0.89,
6379,0.83,
6380,0.89,
6381,0.4,
6382,0.98,
6383,0.69,
6384,0.95,
6385,0.27,
6386,0.57,
6387,0.07,
6388,0.78,
6389,0.57,
6390,0.7,
6391,0.69,
6392,0.23,
6393,0.83,
6394,0.4,
6395,0.78,
6396,0.95,
6397,0.38,
6398,0.25,
6399,0.23,
6400,0.39,
6401,0.45,
6402,0.09,
6403,0.83,
6404,0.75,
6405,0.44,
6406,0.31,
6407,0.9,
6408,0.8,
6409,0.77,
6410,0.08,
6411,0.13,
6412,0.09,
6413,0.03,
6414,0.13,
6415,0.58,
6416,0.31,
6417,0.51,
6418,0.74,
6419,0.72,
6420,0.21,
6421,0.69,
6422,0.91,
6423,0.7,
6424,0.49,
6425,0.28,
6426,0.1,
6427,0.86,
6428,0.68,
6429,0.24,
6430,0.67,
6431,0.78,
6432,0.91,
6433,0.23,
6434,0.07,
6435,0.84,
6436,0.94,
6437,0.58,
6438,0.08,
6439,0.23,
6440,0.3,
6441,0.17,
6442,0.41,
6443,0.48,
6444,0.84,
6445,1.0,
6446,0.37,
6447,0.05,
6448,0.54,
6449,0.36,
6450,0.77,
6451,0.3,
6452,0.8,
6453,0.54,
6454,0.65,
6455,0.22,
6456,0.92,
6457,0.87,
6458,0.82,
6459,0.78,
6460,0.4,
6461,0.83,
6462,0.08,
6463,0.76,
6464,0.56,
6465,0.29,
6466,0.35,
6467,0.37,
6468,0.99,
6469,0.87,
6470,0.82,
6471,0.68,
6472,0.1,
6473,0.39,
6474,0.33,
6475,0.88,
6476,0.28,
6477,0.25,
6478,0.02,
6479,0.11,
6480,0.28,
6481,0.43,
6482,0.84,
6483,0.5,
6484,0.85,
6485,0.7,
6486,0.49,
6487,0.22,
6488,0.93,
6489,0.15,
6490,0.12,
6491,0.62,
6492,0.98,
6493,1.0,
6494,0.52,
6495,0.06,
6496,0.27,
6497,0.46,
6498,0.76,
6499,0.51,
6500,0.28,
6501,0.06,
6502,0.07,
6503,0.89,
6504,0.83,
6505,0.77,
6506,0.67,
6507,0.59,
6508,0.59,
6509,0.84,
6510,0.77,
6511,0.99,
6512,0.88,
6513,0.83,
6514,0.99,
6515,0.72,
6516,0.4,
6517,0.77,
6518,0.75,
6519,0.29,
6520,0.74,
6521,0.29,
6522,0.18,
6523,0.35,
6524,0.24,
6525,0.17,
6526,0.25,
6527,0.82,
6528,0.53,
6529,0.88,
6530,0.14,
6531,0.54,
